SKU,Type,Name,Description,Categories,Images,Regular price,Parent,Attribute 1 name,Attribute 1 value(s),Attribute 1 visible,Attribute 1 global,Attribute 2 name,Attribute 2 value(s),Attribute 2 visible,Attribute 2 global,Attribute 3 name,Attribute 3 value(s),Attribute 3 visible,Attribute 3 global
ABCL0002,simple,Abrazadera Clip - 3/4 pulg,"Abrazadera Clip 3/4"". Producto versátil, práctico y de excelente calidad. Diseñado para ofrecer los mejores resultados en su categoría.",MATERIAL ELÉCTRICO > Canalización,https://dummyimage.com/600x600/cccccc/000000.png,7.03,,Medida,3/4 pulg,1,1,Marca,,1,1,,,,
ABCL0004,simple,Abrazadera Clip - 1 1/4 pulg,"Abrazadera Clip 1 1/4"". Producto versátil, práctico y de excelente calidad. Diseñado para ofrecer los mejores resultados en su categoría.",MATERIAL ELÉCTRICO > Canalización,https://dummyimage.com/600x600/cccccc/000000.png,13.42,,Medida,1 1/4 pulg,1,1,Marca,,1,1,,,,
ABOM0001,simple,Abrazadera Omega - 1/2 pulg,"Abrazadera Omega 1/2"". Producto versátil, práctico y de excelente calidad. Diseñado para ofrecer los mejores resultados en su categoría.",MATERIAL ELÉCTRICO > Canalización,https://dummyimage.com/600x600/cccccc/000000.png,3.64,,Medida,1/2 pulg,1,1,Marca,,1,1,,,,
ABOM0004,simple,Abrazadera Omega - 1 1/4 pulg,"Abrazadera Omega 1 1/4"". Producto versátil, práctico y de excelente calidad. Diseñado para ofrecer los mejores resultados en su categoría.",MATERIAL ELÉCTRICO > Canalización,https://dummyimage.com/600x600/cccccc/000000.png,10.06,,Medida,1 1/4 pulg,1,1,Marca,,1,1,,,,
ABOM0005,simple,Abrazadera Omega - 1 1/2 pulg,"Abrazadera Omega 1 1/2"". Producto versátil, práctico y de excelente calidad. Diseñado para ofrecer los mejores resultados en su categoría.",MATERIAL ELÉCTRICO > Canalización,https://dummyimage.com/600x600/cccccc/000000.png,11.29,,Medida,1 1/2 pulg,1,1,Marca,,1,1,,,,
46795,simple,"Abrazadera Ppr,â , Tipo U, Foset - 1/2 pulg","Abrazadera Ppr,â 1/2"", Tipo U, Foset. Producto versátil, práctico y de excelente calidad. Diseñado para ofrecer los mejores resultados en su categoría.",MATERIAL ELÉCTRICO > Canalización,"https://www.truper.com/media/import/imagenes/CV-101.jpg, https://www.truper.com/media/import/imagenes/CV-101+E1.jpg, https://www.truper.com/media/import/imagenes/CV-101+FC1.jpg, https://www.truper.com/media/import/imagenes/CV-101+FC2.jpg",1.38,,Medida,1/2 pulg,1,1,Marca,,1,1,,,,
46796,simple,"Abrazadera Ppr,â , Tipo U, Foset - 3/4 pulg","Abrazadera Ppr,â 3/4"", Tipo U, Foset. Producto versátil, práctico y de excelente calidad. Diseñado para ofrecer los mejores resultados en su categoría.",MATERIAL ELÉCTRICO > Canalización,"https://www.truper.com/media/import/imagenes/CV-102.jpg, https://www.truper.com/media/import/imagenes/CV-102+FC1.jpg, https://www.truper.com/media/import/imagenes/CV-102+FC2.jpg",2.07,,Medida,3/4 pulg,1,1,Marca,,1,1,,,,
ABPE0001,simple,Abrazadera Tipo Pera - 1/2 pulg,"Abrazadera Tipo Pera 1/2"". Producto versátil, práctico y de excelente calidad. Diseñado para ofrecer los mejores resultados en su categoría.",MATERIAL ELÉCTRICO > Canalización,https://dummyimage.com/600x600/cccccc/000000.png,7.61,,Medida,1/2 pulg,1,1,Marca,,1,1,,,,
ABPE0002,simple,Abrazadera Tipo Pera - 3/4 pulg,"Abrazadera Tipo Pera 3/4"". Producto versátil, práctico y de excelente calidad. Diseñado para ofrecer los mejores resultados en su categoría.",MATERIAL ELÉCTRICO > Canalización,https://dummyimage.com/600x600/cccccc/000000.png,8.32,,Medida,3/4 pulg,1,1,Marca,,1,1,,,,
ABPE0005,simple,Abrazadera Tipo Pera - 1 1/2 pulg,"Abrazadera Tipo Pera 1 1/2"". Producto versátil, práctico y de excelente calidad. Diseñado para ofrecer los mejores resultados en su categoría.",MATERIAL ELÉCTRICO > Canalización,https://dummyimage.com/600x600/cccccc/000000.png,9.93,,Medida,1 1/2 pulg,1,1,Marca,,1,1,,,,
ABUN0001,simple,Abrazadera Unicanal - 1/2 pulg,"Abrazadera Unicanal 1/2"". Producto versátil, práctico y de excelente calidad. Diseñado para ofrecer los mejores resultados en su categoría.",MATERIAL ELÉCTRICO > Canalización,https://dummyimage.com/600x600/cccccc/000000.png,7.03,,Medida,1/2 pulg,1,1,Marca,,1,1,,,,
ABUN0002,simple,Abrazadera Unicanal - 3/4 pulg,"Abrazadera Unicanal 3/4. Producto versátil, práctico y de excelente calidad. Diseñado para ofrecer los mejores resultados en su categoría.",MATERIAL ELÉCTRICO > Canalización,https://dummyimage.com/600x600/cccccc/000000.png,9.09,,Medida,3/4 pulg,1,1,Marca,,1,1,,,,
ABUN0004,simple,Abrazadera Unicanal - 1 1/4 pulg,"Abrazadera Unicanal 1 1/4"". Producto versátil, práctico y de excelente calidad. Diseñado para ofrecer los mejores resultados en su categoría.",MATERIAL ELÉCTRICO > Canalización,https://dummyimage.com/600x600/cccccc/000000.png,12.84,,Medida,1 1/4 pulg,1,1,Marca,,1,1,,,,
ABUN0005,simple,Abrazadera Unicanal - 1 1/2 pulg,"Abrazadera Unicanal 1 1/2"". Producto versátil, práctico y de excelente calidad. Diseñado para ofrecer los mejores resultados en su categoría.",MATERIAL ELÉCTRICO > Canalización,https://dummyimage.com/600x600/cccccc/000000.png,12.2,,Medida,1 1/2 pulg,1,1,Marca,,1,1,,,,
ABUN0007,simple,Abrazadera Unicanal - 2 1/2 pulg,"Abrazadera Unicanal 2 1/2"". Producto versátil, práctico y de excelente calidad. Diseñado para ofrecer los mejores resultados en su categoría.",MATERIAL ELÉCTRICO > Canalización,https://dummyimage.com/600x600/cccccc/000000.png,36.38,,Medida,2 1/2 pulg,1,1,Marca,,1,1,,,,
ABUN0003,simple,"Abrazadera Unicanal 1""","Abrazadera Unicanal 1"". Producto versátil, práctico y de excelente calidad. Diseñado para ofrecer los mejores resultados en su categoría.",MATERIAL ELÉCTRICO > Canalización,https://dummyimage.com/600x600/cccccc/000000.png,10.32,,,,,,,,,,,,,
ABUN0006,simple,"Abrazadera Unicanal 2""","Abrazadera Unicanal 2"". Producto versátil, práctico y de excelente calidad. Diseñado para ofrecer los mejores resultados en su categoría.",MATERIAL ELÉCTRICO > Canalización,https://dummyimage.com/600x600/cccccc/000000.png,16.58,,,,,,,,,,,,,
ABUN0008,simple,"Abrazadera Unicanal 3""","Abrazadera Unicanal 3"". Producto versátil, práctico y de excelente calidad. Diseñado para ofrecer los mejores resultados en su categoría.",MATERIAL ELÉCTRICO > Canalización,https://dummyimage.com/600x600/cccccc/000000.png,40.38,,,,,,,,,,,,,
ABUN0009,simple,"Abrazadera Unicanal 4""","Abrazadera Unicanal 4"". Producto versátil, práctico y de excelente calidad. Diseñado para ofrecer los mejores resultados en su categoría.",MATERIAL ELÉCTRICO > Canalización,https://dummyimage.com/600x600/cccccc/000000.png,48.23,,,,,,,,,,,,,
ARAC0006,simple,Arandela Acero Inoxidable Presion - 1/2 pulg,"Arandela Acero Inoxidable Presion 1/2"". Producto versátil, práctico y de excelente calidad. Diseñado para ofrecer los mejores resultados en su categoría.",FERRETERÍA > Ferretería general,https://dummyimage.com/600x600/cccccc/000000.png,2.68,,Medida,1/2 pulg,1,1,Marca,,1,1,,,,
ARAC0007,simple,Arandela Acero Inoxidable Presion - 1/4 pulg,"Arandela Acero Inoxidable Presion 1/4. Producto versátil, práctico y de excelente calidad. Diseñado para ofrecer los mejores resultados en su categoría.",FERRETERÍA > Ferretería general,https://dummyimage.com/600x600/cccccc/000000.png,3.65,,Medida,1/4 pulg,1,1,Marca,,1,1,,,,
ARAC0008,simple,Arandela Acero Inoxidable Presion - 3/8 pulg,"Arandela Acero Inoxidable Presion 3/8. Producto versátil, práctico y de excelente calidad. Diseñado para ofrecer los mejores resultados en su categoría.",FERRETERÍA > Ferretería general,https://dummyimage.com/600x600/cccccc/000000.png,3.65,,Medida,3/8 pulg,1,1,Marca,,1,1,,,,
ARAC0009,simple,Arandela Acero Inoxidable Presion - 5/8 pulg,"Arandela Acero Inoxidable Presion 5/8"". Producto versátil, práctico y de excelente calidad. Diseñado para ofrecer los mejores resultados en su categoría.",FERRETERÍA > Ferretería general,https://dummyimage.com/600x600/cccccc/000000.png,3.29,,Medida,5/8 pulg,1,1,Marca,,1,1,,,,
ARAN0015,simple,Arandela Cuadrada de - 1/2 pulg,"Arandela Cuadrada de 1/2. Producto versátil, práctico y de excelente calidad. Diseñado para ofrecer los mejores resultados en su categoría.",FERRETERÍA > Ferretería general,https://dummyimage.com/600x600/cccccc/000000.png,18.0,,Medida,1/2 pulg,1,1,Marca,,1,1,,,,
ARAN0016,simple,Arandela Cuadrada de - 3/4 pulg,"Arandela Cuadrada de 3/4. Producto versátil, práctico y de excelente calidad. Diseñado para ofrecer los mejores resultados en su categoría.",FERRETERÍA > Ferretería general,https://dummyimage.com/600x600/cccccc/000000.png,24.0,,Medida,3/4 pulg,1,1,Marca,,1,1,,,,
ARAN0002,simple,Arandela Galv Plana - 1/4 pulg,"Arandela Galv Plana 1/4"". Producto versátil, práctico y de excelente calidad. Diseñado para ofrecer los mejores resultados en su categoría.",FERRETERÍA > Ferretería general,https://dummyimage.com/600x600/cccccc/000000.png,0.18,,Medida,1/4 pulg,1,1,Marca,,1,1,,,,
ARAN0004,simple,Arandela Galv Plana - 3/8 pulg,"Arandela Galv Plana 3/8. Producto versátil, práctico y de excelente calidad. Diseñado para ofrecer los mejores resultados en su categoría.",FERRETERÍA > Ferretería general,https://dummyimage.com/600x600/cccccc/000000.png,0.38,,Medida,3/8 pulg,1,1,Marca,,1,1,,,,
ARAN0005,simple,Arandela Galv Plana - 1/2 pulg,"Arandela Galv Plana 1/2"". Producto versátil, práctico y de excelente calidad. Diseñado para ofrecer los mejores resultados en su categoría.",FERRETERÍA > Ferretería general,https://dummyimage.com/600x600/cccccc/000000.png,1.46,,Medida,1/2 pulg,1,1,Marca,,1,1,,,,
ARAN0007,simple,Arandela Galv Plana - 3/4 pulg,"Arandela Galv Plana 3/4"". Producto versátil, práctico y de excelente calidad. Diseñado para ofrecer los mejores resultados en su categoría.",FERRETERÍA > Ferretería general,https://dummyimage.com/600x600/cccccc/000000.png,4.11,,Medida,3/4 pulg,1,1,Marca,,1,1,,,,
ARBR0003,simple,Arandela Plana Bronce Al Silicio - 1/4 pulg,"Arandela Plana Bronce Al Silicio 1/4"". Producto versátil, práctico y de excelente calidad. Diseñado para ofrecer los mejores resultados en su categoría.",FERRETERÍA > Ferretería general,https://dummyimage.com/600x600/cccccc/000000.png,8.24,,Medida,1/4 pulg,1,1,Marca,,1,1,,,,
ARBR0005,simple,Arandela Plana Bronce Al Silicio - 3/8 pulg,"Arandela Plana Bronce Al Silicio 3/8"". Producto versátil, práctico y de excelente calidad. Diseñado para ofrecer los mejores resultados en su categoría.",FERRETERÍA > Ferretería general,https://dummyimage.com/600x600/cccccc/000000.png,16.29,,Medida,3/8 pulg,1,1,Marca,,1,1,,,,
ARBR0010,simple,Arandela Plana Bronce Al Silicio - 1/2 pulg,"Arandela Plana Bronce Al Silicio 1/2"". Producto versátil, práctico y de excelente calidad. Diseñado para ofrecer los mejores resultados en su categoría.",FERRETERÍA > Ferretería general,https://dummyimage.com/600x600/cccccc/000000.png,28.4,,Medida,1/2 pulg,1,1,Marca,,1,1,,,,
BALA0032,simple,Balastro Aditivo Metalico - 1000w,"Balastro Aditivo Metalico 1000w. Producto versátil, práctico y de excelente calidad. Diseñado para ofrecer los mejores resultados en su categoría.",ILUMINACIÓN > Accesorios,https://illuminer.com.mx/wp-content/uploads/2023/05/BE-1X20.jpg,0.0,,Medida,1000w,1,1,Marca,,1,1,,,,
BALA0400,simple,Balastro Aditivo Metalico - 4000w,Balastro Aditivo Metalico 4000w. Solución de iluminación eficiente e innovadora. Ideal para crear el ambiente perfecto con excelente rendimiento y ahorro de energía.,ILUMINACION,https://dummyimage.com/600x600/cccccc/000000.png,1225.71,,Medida,4000w,1,1,Marca,,1,1,,,,
BAMA0001,simple,Base para Mastil - 3/4 pulg,"Base para Mastil 3/4. Producto versátil, práctico y de excelente calidad. Diseñado para ofrecer los mejores resultados en su categoría.",MATERIAL ELÉCTRICO > Canalización,https://dummyimage.com/600x600/cccccc/000000.png,35.02,,Medida,3/4 pulg,1,1,Marca,,1,1,,,,
BAMA0003,simple,Base para Mastil - 1 1/4 pulg,"Base para Mastil 1 1/4. Producto versátil, práctico y de excelente calidad. Diseñado para ofrecer los mejores resultados en su categoría.",MATERIAL ELÉCTRICO > Canalización,https://dummyimage.com/600x600/cccccc/000000.png,38.31,,Medida,1 1/4 pulg,1,1,Marca,,1,1,,,,
BAMA0004,simple,Base para Mastil - 1 1/2 pulg,"Base para Mastil 1 1/2. Producto versátil, práctico y de excelente calidad. Diseñado para ofrecer los mejores resultados en su categoría.",MATERIAL ELÉCTRICO > Canalización,https://dummyimage.com/600x600/cccccc/000000.png,39.73,,Medida,1 1/2 pulg,1,1,Marca,,1,1,,,,
BAMA0006,simple,Base para Mastil - 2 1/2 pulg,"Base para Mastil 2 1/2. Producto versátil, práctico y de excelente calidad. Diseñado para ofrecer los mejores resultados en su categoría.",MATERIAL ELÉCTRICO > Canalización,https://dummyimage.com/600x600/cccccc/000000.png,0.0,,Medida,2 1/2 pulg,1,1,Marca,,1,1,,,,
43425,simple,Blíster con 2 Candados de Latón de  con Gancho Corto - 20mm,"Blã­ster con 2 Candados de Latã³n de 20mm con Gancho Corto. Producto versátil, práctico y de excelente calidad. Diseñado para ofrecer los mejores resultados en su categoría.",FERRETERÍA > Manuales,"https://www.truper.com/media/import/imagenes/CL-20.jpg, https://www.truper.com/media/import/imagenes/CL-20+D1.jpg, https://www.truper.com/media/import/imagenes/CL-20+D2.jpg, https://www.truper.com/media/import/imagenes/CL-20+D3.jpg, https://www.truper.com/media/import/imagenes/CL-20+D4.jpg, https://www.truper.com/media/import/imagenes/CL-20+EI1.jpg, https://www.truper.com/media/import/imagenes/CL-20+EIND1.jpg, https://www.truper.com/media/import/imagenes/CL-20+EM1.jpg, https://www.truper.com/media/import/imagenes/CL-20+FC1.jpg",87.93,,Medida,20mm,1,1,Marca,,1,1,,,,
43426,simple,Blíster con 2 Candados de Latón de  con Gancho Corto - 25mm,"Blã­ster con 2 Candados de Latã³n de 25mm con Gancho Corto. Producto versátil, práctico y de excelente calidad. Diseñado para ofrecer los mejores resultados en su categoría.",FERRETERÍA > Manuales,"https://www.truper.com/media/import/imagenes/CL-25.jpg, https://www.truper.com/media/import/imagenes/CL-25+D1.jpg, https://www.truper.com/media/import/imagenes/CL-25+D2.jpg, https://www.truper.com/media/import/imagenes/CL-25+D3.jpg, https://www.truper.com/media/import/imagenes/CL-25+D4.jpg, https://www.truper.com/media/import/imagenes/CL-25+EI1.jpg, https://www.truper.com/media/import/imagenes/CL-25+EIND1.jpg, https://www.truper.com/media/import/imagenes/CL-25+EM1.jpg, https://www.truper.com/media/import/imagenes/CL-25+FC1.jpg",111.21,,Medida,25mm,1,1,Marca,,1,1,,,,
44199,simple,"Bolsa con 50 Taquetes de Plástico , Fiero - 1/4 pulg","Bolsa con 50 Taquetes de Plã¡stico 1/4"", Fiero. Producto versátil, práctico y de excelente calidad. Diseñado para ofrecer los mejores resultados en su categoría.",FERRETERÍA > Ferretería general,https://www.truper.com/media/import/imagenes/TAQ-1-4P.jpg,20.69,,Medida,1/4 pulg,1,1,Marca,,1,1,,,,
44200,simple,"Bolsa con 50 Taquetes de Plástico , Fiero - 5/16 pulg","Bolsa con 50 Taquetes de Plã¡stico 5/16"", Fiero. Producto versátil, práctico y de excelente calidad. Diseñado para ofrecer los mejores resultados en su categoría.",FERRETERÍA > Ferretería general,https://www.truper.com/media/import/imagenes/TAQ-5-16P.jpg,30.17,,Medida,5/16 pulg,1,1,Marca,,1,1,,,,
44201,simple,"Bolsa con 50 Taquetes de Plástico , Fiero - 3/8 pulg","Bolsa con 50 Taquetes de Plã¡stico 3/8"", Fiero. Producto versátil, práctico y de excelente calidad. Diseñado para ofrecer los mejores resultados en su categoría.",FERRETERÍA > Ferretería general,https://www.truper.com/media/import/imagenes/TAQ-3-8P.jpg,33.62,,Medida,3/8 pulg,1,1,Marca,,1,1,,,,
15086,simple,"Broca Hss  Trublack para Metal, Truper - 3/16 pulg","Broca Hss 3/16"" Trublack para Metal, Truper. Producto versátil, práctico y de excelente calidad. Diseñado para ofrecer los mejores resultados en su categoría.",FERRETERÍA > Accesorios,https://www.truper.com/media/import/imagenes/BAV-3-16-N.jpg,21.55,,Medida,3/16 pulg,1,1,Marca,,1,1,,,,
15097,simple,"Broca Hss  Trublack para Metal, Truper - 1/4 pulg","Broca Hss 1/4"" Trublack para Metal, Truper. Producto versátil, práctico y de excelente calidad. Diseñado para ofrecer los mejores resultados en su categoría.",FERRETERÍA > Accesorios,https://www.truper.com/media/import/imagenes/BAV-1-4-N.jpg,35.34,,Medida,1/4 pulg,1,1,Marca,,1,1,,,,
15328,simple,"Broca Hss  Trublack para Metal, Truper - 5/16 pulg","Broca Hss 5/16"" Trublack para Metal, Truper. Producto versátil, práctico y de excelente calidad. Diseñado para ofrecer los mejores resultados en su categoría.",FERRETERÍA > Accesorios,https://www.truper.com/media/import/imagenes/BAV-5-16-N.jpg,56.03,,Medida,5/16 pulg,1,1,Marca,,1,1,,,,
PROF0038,simple,Broca de Alta Velocidad - 1/4 pulg,"Broca de Alta Velocidad 1/4. Producto versátil, práctico y de excelente calidad. Diseñado para ofrecer los mejores resultados en su categoría.",FERRETERÍA > Accesorios,https://dummyimage.com/600x600/cccccc/000000.png,94.5,,Medida,1/4 pulg,1,1,Marca,,1,1,,,,
PROF0039,simple,Broca de Alta Velocidad - 5/16 pulg,"Broca de Alta Velocidad 5/16. Producto versátil, práctico y de excelente calidad. Diseñado para ofrecer los mejores resultados en su categoría.",FERRETERÍA > Accesorios,https://dummyimage.com/600x600/cccccc/000000.png,148.5,,Medida,5/16 pulg,1,1,Marca,,1,1,,,,
PROF0040,simple,Broca de Alta Velocidad - 3/16 pulg,"Broca de Alta Velocidad 3/16. Producto versátil, práctico y de excelente calidad. Diseñado para ofrecer los mejores resultados en su categoría.",FERRETERÍA > Accesorios,https://dummyimage.com/600x600/cccccc/000000.png,66.0,,Medida,3/16 pulg,1,1,Marca,,1,1,,,,
11206,simple,"Broca para Concreto de X 6"", Truper - 1/4 pulg","Broca para Concreto de 1/4 X 6"", Truper. Producto versátil, práctico y de excelente calidad. Diseñado para ofrecer los mejores resultados en su categoría.",FERRETERÍA > Accesorios,https://www.truper.com/media/import/imagenes/BCT-1-4X6.jpg,19.0,,Medida,1/4 pulg,1,1,Marca,,1,1,,,,
11224,simple,"Broca para Concreto de X 6"", Truper - 3/8 pulg","Broca para Concreto de 3/8 X 6"", Truper. Producto versátil, práctico y de excelente calidad. Diseñado para ofrecer los mejores resultados en su categoría.",FERRETERÍA > Accesorios,https://www.truper.com/media/import/imagenes/BCT-3-8X6.jpg,35.0,,Medida,3/8 pulg,1,1,Marca,,1,1,,,,
102189,simple,Broca para Metal Hss - 13/64 pulg,"Broca para Metal Hss 13/64. Producto versátil, práctico y de excelente calidad. Diseñado para ofrecer los mejores resultados en su categoría.",FERRETERÍA > Accesorios,https://dummyimage.com/600x600/cccccc/000000.png,27.59,,Medida,13/64 pulg,1,1,Marca,,1,1,,,,
102190,simple,Broca para Metal Hss - 7/32 pulg,"Broca para Metal Hss 7/32. Producto versátil, práctico y de excelente calidad. Diseñado para ofrecer los mejores resultados en su categoría.",FERRETERÍA > Accesorios,https://dummyimage.com/600x600/cccccc/000000.png,31.03,,Medida,7/32 pulg,1,1,Marca,,1,1,,,,
102192,simple,Broca para Metal Hss - 1/4 pulg,"Broca para Metal Hss 1/4. Producto versátil, práctico y de excelente calidad. Diseñado para ofrecer los mejores resultados en su categoría.",FERRETERÍA > Accesorios,https://dummyimage.com/600x600/cccccc/000000.png,39.66,,Medida,1/4 pulg,1,1,Marca,,1,1,,,,
102199,simple,Broca para Metal Hss - 11/32 pulg,"Broca para Metal Hss 11/32. Producto versátil, práctico y de excelente calidad. Diseñado para ofrecer los mejores resultados en su categoría.",FERRETERÍA > Accesorios,https://dummyimage.com/600x600/cccccc/000000.png,79.31,,Medida,11/32 pulg,1,1,Marca,,1,1,,,,
102210,simple,Broca para Metal Hss - 3/8 pulg,"Broca para Metal Hss 3/8. Producto versátil, práctico y de excelente calidad. Diseñado para ofrecer los mejores resultados en su categoría.",FERRETERÍA > Accesorios,https://dummyimage.com/600x600/cccccc/000000.png,93.97,,Medida,3/8 pulg,1,1,Marca,,1,1,,,,
102214,simple,Broca para Metal Hss - 7/16 pulg,"Broca para Metal Hss 7/16. Producto versátil, práctico y de excelente calidad. Diseñado para ofrecer los mejores resultados en su categoría.",FERRETERÍA > Accesorios,https://dummyimage.com/600x600/cccccc/000000.png,0.0,,Medida,7/16 pulg,1,1,Marca,,1,1,,,,
102219,simple,Broca para Metal Hss - 9/16 pulg,"Broca para Metal Hss 9/16. Producto versátil, práctico y de excelente calidad. Diseñado para ofrecer los mejores resultados en su categoría.",FERRETERÍA > Accesorios,https://dummyimage.com/600x600/cccccc/000000.png,306.03,,Medida,9/16 pulg,1,1,Marca,,1,1,,,,
11701,simple,"Broca para Vidrio y Azulejo de , Truper - 3/16 pulg","Broca para Vidrio y Azulejo de 3/16"", Truper. Producto versátil, práctico y de excelente calidad. Diseñado para ofrecer los mejores resultados en su categoría.",FERRETERÍA > Accesorios,https://www.truper.com/media/import/imagenes/BVI-3-16.jpg,44.83,,Medida,3/16 pulg,1,1,Marca,,1,1,,,,
11702,simple,"Broca para Vidrio y Azulejo de , Truper - 1/4 pulg","Broca para Vidrio y Azulejo de 1/4"", Truper. Producto versátil, práctico y de excelente calidad. Diseñado para ofrecer los mejores resultados en su categoría.",FERRETERÍA > Accesorios,https://www.truper.com/media/import/imagenes/BVI-1-4.jpg,56.03,,Medida,1/4 pulg,1,1,Marca,,1,1,,,,
11703,simple,"Broca para Vidrio y Azulejo de , Truper - 5/16 pulg","Broca para Vidrio y Azulejo de 5/16"", Truper. Producto versátil, práctico y de excelente calidad. Diseñado para ofrecer los mejores resultados en su categoría.",FERRETERÍA > Accesorios,https://www.truper.com/media/import/imagenes/BVI-5-16.jpg,62.07,,Medida,5/16 pulg,1,1,Marca,,1,1,,,,
11704,simple,"Broca para Vidrio y Azulejo de , Truper - 3/8 pulg","Broca para Vidrio y Azulejo de 3/8"", Truper. Producto versátil, práctico y de excelente calidad. Diseñado para ofrecer los mejores resultados en su categoría.",FERRETERÍA > Accesorios,https://www.truper.com/media/import/imagenes/BVI-3-8.jpg,71.55,,Medida,3/8 pulg,1,1,Marca,,1,1,,,,
CACU0001,simple,Cable Cobre Desnudo Cal - 1/0 pulg,"Cable Cobre Desnudo Cal 1/0. Producto versátil, práctico y de excelente calidad. Diseñado para ofrecer los mejores resultados en su categoría.",MATERIAL ELÉCTRICO > Cableado,https://dummyimage.com/600x600/cccccc/000000.png,226.53,,Medida,1/0 pulg,1,1,Marca,,1,1,,,,
CACU0005,simple,Cable Cobre Desnudo Cal - 3/0 pulg,"Cable Cobre Desnudo Cal 3/0. Producto versátil, práctico y de excelente calidad. Diseñado para ofrecer los mejores resultados en su categoría.",MATERIAL ELÉCTRICO > Cableado,https://dummyimage.com/600x600/cccccc/000000.png,313.62,,Medida,3/0 pulg,1,1,Marca,,1,1,,,,
CMEX009,simple,Cable Condumex Thw-ls Cal 10 - Negro,"Cable Condumex Thw-ls Cal 10 Negro. Producto versátil, práctico y de excelente calidad. Diseñado para ofrecer los mejores resultados en su categoría.",MATERIAL ELÉCTRICO > Cableado,https://dummyimage.com/600x600/cccccc/000000.png,24.72,,Color,Negro,1,1,Marca,,1,1,,,,
CMEX010,simple,Cable Condumex Thw-ls Cal 10 - Blanco,"Cable Condumex Thw-ls Cal 10 Blanco. Producto versátil, práctico y de excelente calidad. Diseñado para ofrecer los mejores resultados en su categoría.",MATERIAL ELÉCTRICO > Cableado,https://dummyimage.com/600x600/cccccc/000000.png,24.72,,Color,Blanco,1,1,Marca,,1,1,,,,
CMEX011,simple,Cable Condumex Thw-ls Cal 10 - Rojo,"Cable Condumex Thw-ls Cal 10 Rojo. Producto versátil, práctico y de excelente calidad. Diseñado para ofrecer los mejores resultados en su categoría.",MATERIAL ELÉCTRICO > Cableado,https://dummyimage.com/600x600/cccccc/000000.png,24.72,,Color,Rojo,1,1,Marca,,1,1,,,,
CMEX012,simple,Cable Condumex Thw-ls Cal 10 - Verde,"Cable Condumex Thw-ls Cal 10 Verde. Producto versátil, práctico y de excelente calidad. Diseñado para ofrecer los mejores resultados en su categoría.",MATERIAL ELÉCTRICO > Cableado,https://dummyimage.com/600x600/cccccc/000000.png,24.72,,Color,Verde,1,1,Marca,,1,1,,,,
CMEX001,simple,Cable Condumex Thw-ls Cal 14 - Blanco,"Cable Condumex Thw-ls Cal 14 Blanco. Producto versátil, práctico y de excelente calidad. Diseñado para ofrecer los mejores resultados en su categoría.",MATERIAL ELÉCTRICO > Cableado,https://dummyimage.com/600x600/cccccc/000000.png,10.92,,Color,Blanco,1,1,Marca,,1,1,,,,
CMEX002,simple,Cable Condumex Thw-ls Cal 14 - Rojo,"Cable Condumex Thw-ls Cal 14 Rojo. Producto versátil, práctico y de excelente calidad. Diseñado para ofrecer los mejores resultados en su categoría.",MATERIAL ELÉCTRICO > Cableado,https://dummyimage.com/600x600/cccccc/000000.png,10.92,,Color,Rojo,1,1,Marca,,1,1,,,,
CMEX003,simple,Cable Condumex Thw-ls Cal 14 - Verde,"Cable Condumex Thw-ls Cal 14 Verde. Producto versátil, práctico y de excelente calidad. Diseñado para ofrecer los mejores resultados en su categoría.",MATERIAL ELÉCTRICO > Cableado,https://dummyimage.com/600x600/cccccc/000000.png,10.92,,Color,Verde,1,1,Marca,,1,1,,,,
CMEX013,simple,Cable Condumex Thw-ls Cal 8 - Negro,"Cable Condumex Thw-ls Cal 8 Negro. Producto versátil, práctico y de excelente calidad. Diseñado para ofrecer los mejores resultados en su categoría.",MATERIAL ELÉCTRICO > Cableado,https://dummyimage.com/600x600/cccccc/000000.png,39.68,,Color,Negro,1,1,Marca,,1,1,,,,
CMEX015,simple,Cable Condumex Thw-ls Cal 8 - Rojo,"Cable Condumex Thw-ls Cal 8 Rojo. Producto versátil, práctico y de excelente calidad. Diseñado para ofrecer los mejores resultados en su categoría.",MATERIAL ELÉCTRICO > Cableado,https://dummyimage.com/600x600/cccccc/000000.png,39.68,,Color,Rojo,1,1,Marca,,1,1,,,,
CCON0013,simple,Cable Thw-ls Cal 10 - Negro,"Cable Thw-ls Cal 10 Negro. Producto versátil, práctico y de excelente calidad. Diseñado para ofrecer los mejores resultados en su categoría.",MATERIAL ELÉCTRICO > Cableado,https://dummyimage.com/600x600/cccccc/000000.png,27.81,,Color,Negro,1,1,Marca,,1,1,,,,
CCON0014,simple,Cable Thw-ls Cal 10 - Blanco,"Cable Thw-ls Cal 10 Blanco. Producto versátil, práctico y de excelente calidad. Diseñado para ofrecer los mejores resultados en su categoría.",MATERIAL ELÉCTRICO > Cableado,https://dummyimage.com/600x600/cccccc/000000.png,27.81,,Color,Blanco,1,1,Marca,,1,1,,,,
CCON0015,simple,Cable Thw-ls Cal 10 - Rojo,"Cable Thw-ls Cal 10 Rojo. Producto versátil, práctico y de excelente calidad. Diseñado para ofrecer los mejores resultados en su categoría.",MATERIAL ELÉCTRICO > Cableado,https://dummyimage.com/600x600/cccccc/000000.png,27.81,,Color,Rojo,1,1,Marca,,1,1,,,,
CCON0016,simple,Cable Thw-ls Cal 10 - Verde,"Cable Thw-ls Cal 10 Verde. Producto versátil, práctico y de excelente calidad. Diseñado para ofrecer los mejores resultados en su categoría.",MATERIAL ELÉCTRICO > Cableado,https://dummyimage.com/600x600/cccccc/000000.png,27.81,,Color,Verde,1,1,Marca,,1,1,,,,
CCON0009,simple,Cable Thw-ls Cal 12 - Negro,"Cable Thw-ls Cal 12 Negro. Producto versátil, práctico y de excelente calidad. Diseñado para ofrecer los mejores resultados en su categoría.",MATERIAL ELÉCTRICO > Cableado,https://dummyimage.com/600x600/cccccc/000000.png,17.55,,Color,Negro,1,1,Marca,,1,1,,,,
CCON0010,simple,Cable Thw-ls Cal 12 - Blanco,"Cable Thw-ls Cal 12 Blanco. Producto versátil, práctico y de excelente calidad. Diseñado para ofrecer los mejores resultados en su categoría.",MATERIAL ELÉCTRICO > Cableado,https://dummyimage.com/600x600/cccccc/000000.png,17.55,,Color,Blanco,1,1,Marca,,1,1,,,,
CCON0011,simple,Cable Thw-ls Cal 12 - Rojo,"Cable Thw-ls Cal 12 Rojo. Producto versátil, práctico y de excelente calidad. Diseñado para ofrecer los mejores resultados en su categoría.",MATERIAL ELÉCTRICO > Cableado,https://dummyimage.com/600x600/cccccc/000000.png,17.55,,Color,Rojo,1,1,Marca,,1,1,,,,
CCON0012,simple,Cable Thw-ls Cal 12 - Verde,"Cable Thw-ls Cal 12 Verde. Producto versátil, práctico y de excelente calidad. Diseñado para ofrecer los mejores resultados en su categoría.",MATERIAL ELÉCTRICO > Cableado,https://dummyimage.com/600x600/cccccc/000000.png,17.55,,Color,Verde,1,1,Marca,,1,1,,,,
CCON0005,simple,Cable Thw-ls Cal 14 - Negro,"Cable Thw-ls Cal 14 Negro. Producto versátil, práctico y de excelente calidad. Diseñado para ofrecer los mejores resultados en su categoría.",MATERIAL ELÉCTRICO > Cableado,https://dummyimage.com/600x600/cccccc/000000.png,10.22,,Color,Negro,1,1,Marca,,1,1,,,,
CCON0006,simple,Cable Thw-ls Cal 14 - Blanco,"Cable Thw-ls Cal 14 Blanco. Producto versátil, práctico y de excelente calidad. Diseñado para ofrecer los mejores resultados en su categoría.",MATERIAL ELÉCTRICO > Cableado,https://dummyimage.com/600x600/cccccc/000000.png,10.22,,Color,Blanco,1,1,Marca,,1,1,,,,
CCON0007,simple,Cable Thw-ls Cal 14 - Rojo,"Cable Thw-ls Cal 14 Rojo. Producto versátil, práctico y de excelente calidad. Diseñado para ofrecer los mejores resultados en su categoría.",MATERIAL ELÉCTRICO > Cableado,https://dummyimage.com/600x600/cccccc/000000.png,10.22,,Color,Rojo,1,1,Marca,,1,1,,,,
CCON0008,simple,Cable Thw-ls Cal 14 - Verde,"Cable Thw-ls Cal 14 Verde. Producto versátil, práctico y de excelente calidad. Diseñado para ofrecer los mejores resultados en su categoría.",MATERIAL ELÉCTRICO > Cableado,https://dummyimage.com/600x600/cccccc/000000.png,10.22,,Color,Verde,1,1,Marca,,1,1,,,,
CCON0021,simple,Cable Thw-ls Cal 6 - Negro,"Cable Thw-ls Cal 6 Negro. Producto versátil, práctico y de excelente calidad. Diseñado para ofrecer los mejores resultados en su categoría.",MATERIAL ELÉCTRICO > Cableado,https://dummyimage.com/600x600/cccccc/000000.png,73.1,,Color,Negro,1,1,Marca,,1,1,,,,
CCON0022,simple,Cable Thw-ls Cal 6 - Verde,"Cable Thw-ls Cal 6 Verde. Producto versátil, práctico y de excelente calidad. Diseñado para ofrecer los mejores resultados en su categoría.",MATERIAL ELÉCTRICO > Cableado,https://dummyimage.com/600x600/cccccc/000000.png,71.64,,Color,Verde,1,1,Marca,,1,1,,,,
CCON0023,simple,Cable Thw-ls Cal 6 - Blanco,"Cable Thw-ls Cal 6 Blanco. Producto versátil, práctico y de excelente calidad. Diseñado para ofrecer los mejores resultados en su categoría.",MATERIAL ELÉCTRICO > Cableado,https://dummyimage.com/600x600/cccccc/000000.png,71.64,,Color,Blanco,1,1,Marca,,1,1,,,,
CCON0017,simple,Cable Thw-ls Cal 8 - Negro,"Cable Thw-ls Cal 8 Negro. Producto versátil, práctico y de excelente calidad. Diseñado para ofrecer los mejores resultados en su categoría.",MATERIAL ELÉCTRICO > Cableado,https://dummyimage.com/600x600/cccccc/000000.png,36.68,,Color,Negro,1,1,Marca,,1,1,,,,
CCON0018,simple,Cable Thw-ls Cal 8 - Blanco,"Cable Thw-ls Cal 8 Blanco. Producto versátil, práctico y de excelente calidad. Diseñado para ofrecer los mejores resultados en su categoría.",MATERIAL ELÉCTRICO > Cableado,https://dummyimage.com/600x600/cccccc/000000.png,36.68,,Color,Blanco,1,1,Marca,,1,1,,,,
CCON0019,simple,Cable Thw-ls Cal 8 - Rojo,"Cable Thw-ls Cal 8 Rojo. Producto versátil, práctico y de excelente calidad. Diseñado para ofrecer los mejores resultados en su categoría.",MATERIAL ELÉCTRICO > Cableado,https://dummyimage.com/600x600/cccccc/000000.png,36.68,,Color,Rojo,1,1,Marca,,1,1,,,,
CCON0020,simple,Cable Thw-ls Cal 8 - Verde,"Cable Thw-ls Cal 8 Verde. Producto versátil, práctico y de excelente calidad. Diseñado para ofrecer los mejores resultados en su categoría.",MATERIAL ELÉCTRICO > Cableado,https://dummyimage.com/600x600/cccccc/000000.png,37.23,,Color,Verde,1,1,Marca,,1,1,,,,
CXLPDRS012,simple,Cable Xlp Drs Al Sub (3+1) Cal - 1/0 pulg,"Cable Xlp Drs Al Sub (3+1) Cal 1/0. Producto versátil, práctico y de excelente calidad. Diseñado para ofrecer los mejores resultados en su categoría.",MATERIAL ELÉCTRICO > Cableado,https://dummyimage.com/600x600/cccccc/000000.png,138.0,,Medida,1/0 pulg,1,1,Marca,,1,1,,,,
CXLPDRS020,simple,Cable Xlp Drs Al Sub (3+1) Cal - 350 4/0 pulg,"Cable Xlp Drs Al Sub (3+1) Cal 350 4/0. Producto versátil, práctico y de excelente calidad. Diseñado para ofrecer los mejores resultados en su categoría.",MATERIAL ELÉCTRICO > Cableado,https://dummyimage.com/600x600/cccccc/000000.png,432.0,,Medida,350 4/0 pulg,1,1,Marca,,1,1,,,,
CAFS0004,simple,Caja Fsc - 1/2 pulg,"Caja Fsc 1/2. Producto versátil, práctico y de excelente calidad. Diseñado para ofrecer los mejores resultados en su categoría.",MATERIAL ELÉCTRICO > Canalización,https://dummyimage.com/600x600/cccccc/000000.png,97.5,,Medida,1/2 pulg,1,1,Marca,,1,1,,,,
CAFS0005,simple,Caja Fsc - 3/4 pulg,"Caja Fsc 3/4"". Producto versátil, práctico y de excelente calidad. Diseñado para ofrecer los mejores resultados en su categoría.",MATERIAL ELÉCTRICO > Canalización,https://dummyimage.com/600x600/cccccc/000000.png,97.5,,Medida,3/4 pulg,1,1,Marca,,1,1,,,,
46320,simple,"Caja Tipo Chalupa 2"" X 4"" Reforzada, Volteck","Caja Tipo Chalupa 2"" X 4"" Reforzada, Volteck. Producto versátil, práctico y de excelente calidad. Diseñado para ofrecer los mejores resultados en su categoría.",MATERIAL ELÉCTRICO > Canalización,"https://springgreen-sparrow-647332.hostingersite.com/wp-content/uploads/productos/SKU_46320.jpg, https://springgreen-sparrow-647332.hostingersite.com/wp-content/uploads/productos/CCH-2X4_EI1.jpg, https://springgreen-sparrow-647332.hostingersite.com/wp-content/uploads/productos/CCH-2X4_EM1.jpg, https://springgreen-sparrow-647332.hostingersite.com/wp-content/uploads/productos/CCH-2X4_FC1.jpg",12.07,,,,,,,,,,,,,
40141,simple,"Caja de Contactos para Canaleta 3"" X 5"", Blanca, Volteck","Caja de Contactos para Canaleta 3"" X 5"", Blanca, Volteck. Producto versátil, práctico y de excelente calidad. Diseñado para ofrecer los mejores resultados en su categoría.",MATERIAL ELÉCTRICO > Instalación,"https://springgreen-sparrow-647332.hostingersite.com/wp-content/uploads/productos/SKU_40141.jpg, https://springgreen-sparrow-647332.hostingersite.com/wp-content/uploads/productos/CRU-3X5_D1.jpg, https://springgreen-sparrow-647332.hostingersite.com/wp-content/uploads/productos/CRU-3X5_EI1.jpg, https://springgreen-sparrow-647332.hostingersite.com/wp-content/uploads/productos/CRU-3X5_EIND1.jpg, https://springgreen-sparrow-647332.hostingersite.com/wp-content/uploads/productos/CRU-3X5_EM1.jpg, https://springgreen-sparrow-647332.hostingersite.com/wp-content/uploads/productos/CRU-3X5_E1.jpg, https://springgreen-sparrow-647332.hostingersite.com/wp-content/uploads/productos/CRU-3X5_FC1.jpg, https://springgreen-sparrow-647332.hostingersite.com/wp-content/uploads/productos/CRU-3X5_FC2.jpg",25.0,,,,,,,,,,,,,
46284,simple,"Canaleta de 1 Vía 10 X 20 Mm, con Adhesivo, Volteck","Canaleta de 1 Vã­a 10 X 20 Mm, con Adhesivo, Volteck. Producto versátil, práctico y de excelente calidad. Diseñado para ofrecer los mejores resultados en su categoría.",MATERIAL ELÉCTRICO > Canalización,"https://springgreen-sparrow-647332.hostingersite.com/wp-content/uploads/productos/SKU_46284.jpg, https://springgreen-sparrow-647332.hostingersite.com/wp-content/uploads/productos/CAN-1020A_E1.jpg, https://springgreen-sparrow-647332.hostingersite.com/wp-content/uploads/productos/CAN-1020A_FC1.jpg, https://springgreen-sparrow-647332.hostingersite.com/wp-content/uploads/productos/CAN-1020A_FC2.jpg",36.0,,,,,,,,,,,,,
45041,simple,"Canaleta de 1 Vía 17 X 20 Mm, con Adhesivo, Volteck","Canaleta de 1 Vã­a 17 X 20 Mm, con Adhesivo, Volteck. Producto versátil, práctico y de excelente calidad. Diseñado para ofrecer los mejores resultados en su categoría.",MATERIAL ELÉCTRICO > Canalización,"https://springgreen-sparrow-647332.hostingersite.com/wp-content/uploads/productos/SKU_45041.jpg, https://springgreen-sparrow-647332.hostingersite.com/wp-content/uploads/productos/CAN-1720A_E1.jpg, https://springgreen-sparrow-647332.hostingersite.com/wp-content/uploads/productos/CAN-1720A_FC1.jpg, https://springgreen-sparrow-647332.hostingersite.com/wp-content/uploads/productos/CAN-1720A_FC2.jpg",37.93,,,,,,,,,,,,,
10566,simple,"Casco de Seguridad Ala Ancha, , Truper - Amarillo","Casco de Seguridad Ala Ancha, Amarillo, Truper. Producto versátil, práctico y de excelente calidad. Diseñado para ofrecer los mejores resultados en su categoría.",FERRETERÍA > Seguridad,"https://www.truper.com/media/import/imagenes/CAS-AX.jpg, https://www.truper.com/media/import/imagenes/CAS-AX+D1.jpg, https://www.truper.com/media/import/imagenes/CAS-AX+D2.jpg, https://www.truper.com/media/import/imagenes/CAS-AX+EI1.jpg, https://www.truper.com/media/import/imagenes/CAS-AX+EIND1.jpg, https://www.truper.com/media/import/imagenes/CAS-AX+E1.jpg",154.31,,Color,Amarillo,1,1,Marca,,1,1,,,,
10567,simple,"Casco de Seguridad Ala Ancha, , Truper - Blanco","Casco de Seguridad Ala Ancha, Blanco, Truper. Producto versátil, práctico y de excelente calidad. Diseñado para ofrecer los mejores resultados en su categoría.",FERRETERÍA > Seguridad,"https://www.truper.com/media/import/imagenes/CAS-BX.jpg, https://www.truper.com/media/import/imagenes/CAS-BX+D1.jpg, https://www.truper.com/media/import/imagenes/CAS-BX+D2.jpg, https://www.truper.com/media/import/imagenes/CAS-BX+EI1.jpg, https://www.truper.com/media/import/imagenes/CAS-BX+EIND1.jpg, https://www.truper.com/media/import/imagenes/CAS-BX+E1.jpg",133.62,,Color,Blanco,1,1,Marca,,1,1,,,,
101257,simple,"Casco de Seguridad Ventilado, Ajuste de Matraca - Amarillo","Casco de Seguridad Ventilado, Ajuste de Matraca, Amarillo. Producto versátil, práctico y de excelente calidad. Diseñado para ofrecer los mejores resultados en su categoría.",FERRETERÍA > Manuales,"https://www.truper.com/media/import/imagenes/CAS-AI.jpg, https://www.truper.com/media/import/imagenes/CAS-AI+D1.jpg, https://www.truper.com/media/import/imagenes/CAS-AI+D2.jpg, https://www.truper.com/media/import/imagenes/CAS-AI+EI1.jpg, https://www.truper.com/media/import/imagenes/CAS-AI+EIND1.jpg, https://www.truper.com/media/import/imagenes/CAS-AI+E1.jpg, https://www.truper.com/media/import/imagenes/CAS-AI+FC1.jpg",119.83,,Color,Amarillo,1,1,Marca,,1,1,,,,
101259,simple,"Casco de Seguridad Ventilado, Ajuste de Matraca - Azul","Casco de Seguridad Ventilado, Ajuste de Matraca, Azul. Producto versátil, práctico y de excelente calidad. Diseñado para ofrecer los mejores resultados en su categoría.",FERRETERÍA > Manuales,"https://www.truper.com/media/import/imagenes/CAS-ZI.jpg, https://www.truper.com/media/import/imagenes/CAS-ZI+D1.jpg, https://www.truper.com/media/import/imagenes/CAS-ZI+D2.jpg, https://www.truper.com/media/import/imagenes/CAS-ZI+EI1.jpg, https://www.truper.com/media/import/imagenes/CAS-ZI+EIND1.jpg, https://www.truper.com/media/import/imagenes/CAS-ZI+E1.jpg, https://www.truper.com/media/import/imagenes/CAS-ZI+FC1.jpg",119.83,,Color,Azul,1,1,Marca,,1,1,,,,
14623,simple,"Cautín  Tipo Lápiz para Trabajo Pesado, Truper - 100 W","Cautã­n 100 W Tipo Lã¡piz para Trabajo Pesado, Truper. Producto versátil, práctico y de excelente calidad. Diseñado para ofrecer los mejores resultados en su categoría.",FERRETERÍA > Equipos,"https://www.truper.com/media/import/imagenes/CAU-100.jpg, https://www.truper.com/media/import/imagenes/CAU-100+D1.jpg, https://www.truper.com/media/import/imagenes/CAU-100+E1.jpg, https://www.truper.com/media/import/imagenes/CAU-100+FC1.jpg, https://www.truper.com/media/import/imagenes/CAU-100+FC2.jpg",262.93,,Medida,100 W,1,1,Marca,,1,1,,,,
17547,simple,"Cautín  Tipo Lápiz para Trabajo Pesado, Truper - 60 W","Cautã­n 60 W Tipo Lã¡piz para Trabajo Pesado, Truper. Producto versátil, práctico y de excelente calidad. Diseñado para ofrecer los mejores resultados en su categoría.",FERRETERÍA > Equipos,"https://www.truper.com/media/import/imagenes/CAU-60.jpg, https://www.truper.com/media/import/imagenes/CAU-60+D1.jpg, https://www.truper.com/media/import/imagenes/CAU-60+E1.jpg, https://www.truper.com/media/import/imagenes/CAU-60+FC1.jpg, https://www.truper.com/media/import/imagenes/CAU-60+FC2.jpg",211.21,,Medida,60 W,1,1,Marca,,1,1,,,,
QO24L70F,simple,Centro de Carga 2 Circuitos  Empotrable - 70a,"Centro de Carga 2 Circuitos 70a Empotrable. Producto versátil, práctico y de excelente calidad. Diseñado para ofrecer los mejores resultados en su categoría.",ILUMINACIÓN > Interior,https://dummyimage.com/600x600/cccccc/000000.png,870.0,,Medida,70a,1,1,Marca,,1,1,,,,
QO2L70F,simple,Centro de Carga 2 Circuitos  Empotrable - 70a,"Centro de Carga 2 Circuitos 70a Empotrable. Producto versátil, práctico y de excelente calidad. Diseñado para ofrecer los mejores resultados en su categoría.",ILUMINACIÓN > Interior,https://dummyimage.com/600x600/cccccc/000000.png,0.0,,Medida,70a,1,1,Marca,,1,1,,,,
QO24L70S,simple,Centro de Carga 2 Circuitos  Sobreponer - 70a,"Centro de Carga 2 Circuitos 70a Sobreponer. Producto versátil, práctico y de excelente calidad. Diseñado para ofrecer los mejores resultados en su categoría.",ILUMINACIÓN > Interior,https://dummyimage.com/600x600/cccccc/000000.png,870.0,,Medida,70a,1,1,Marca,,1,1,,,,
QO2L70S,simple,Centro de Carga 2 Circuitos  Sobreponer - 70a,"Centro de Carga 2 Circuitos 70a Sobreponer. Producto versátil, práctico y de excelente calidad. Diseñado para ofrecer los mejores resultados en su categoría.",ILUMINACIÓN > Interior,https://dummyimage.com/600x600/cccccc/000000.png,0.0,,Medida,70a,1,1,Marca,,1,1,,,,
12520,simple,"Cinta Sella Roscas  X 7m, Uso General, Truper - 1/2 pulg","Cinta Sella Roscas 1/2"" X 7m, Uso General, Truper. Producto versátil, práctico y de excelente calidad. Diseñado para ofrecer los mejores resultados en su categoría.",FERRETERÍA > Cintas,https://www.truper.com/media/import/imagenes/CTF-1-2.jpg,5.43,,Medida,1/2 pulg,1,1,Marca,,1,1,,,,
12521,simple,"Cinta Sella Roscas  X 7m, Uso General, Truper - 3/4 pulg","Cinta Sella Roscas 3/4"" X 7m, Uso General, Truper. Producto versátil, práctico y de excelente calidad. Diseñado para ofrecer los mejores resultados en su categoría.",FERRETERÍA > Cintas,https://www.truper.com/media/import/imagenes/CTF-3-4.jpg,7.33,,Medida,3/4 pulg,1,1,Marca,,1,1,,,,
12502,simple,"Cinta de Aislar de  X 19 Mm, , Truper - 18 M - Verde","Cinta de Aislar de 18 M X 19 Mm, Verde, Truper. Producto versátil, práctico y de excelente calidad. Diseñado para ofrecer los mejores resultados en su categoría.",FERRETERÍA > Cintas,"https://www.truper.com/media/import/imagenes/M-33V.jpg, https://www.truper.com/media/import/imagenes/M-33V+D1.jpg, https://www.truper.com/media/import/imagenes/M-33V+EI1.jpg, https://www.truper.com/media/import/imagenes/M-33V+EM1.jpg, https://www.truper.com/media/import/imagenes/M-33V+E1.jpg, https://www.truper.com/media/import/imagenes/M-33V+FC1.jpg, https://www.truper.com/media/import/imagenes/M-33V+FC2.jpg",18.97,,Medida,18 M,1,1,Color,Verde,1,1,Marca,,1,1
12505,simple,"Cinta de Aislar de  X 19 Mm, , Truper - 18 M - Azul","Cinta de Aislar de 18 M X 19 Mm, Azul, Truper. Producto versátil, práctico y de excelente calidad. Diseñado para ofrecer los mejores resultados en su categoría.",FERRETERÍA > Cintas,"https://www.truper.com/media/import/imagenes/M-33Z.jpg, https://www.truper.com/media/import/imagenes/M-33Z+D1.jpg, https://www.truper.com/media/import/imagenes/M-33Z+EI1.jpg, https://www.truper.com/media/import/imagenes/M-33Z+EM1.jpg, https://www.truper.com/media/import/imagenes/M-33Z+E1.jpg, https://www.truper.com/media/import/imagenes/M-33Z+FC1.jpg, https://www.truper.com/media/import/imagenes/M-33Z+FC2.jpg",18.97,,Medida,18 M,1,1,Color,Azul,1,1,Marca,,1,1
12500,simple,"Cinta de Aislar de  X 19 Mm, Negra, Truper - 18 M","Cinta de Aislar de 18 M X 19 Mm, Negra, Truper. Producto versátil, práctico y de excelente calidad. Diseñado para ofrecer los mejores resultados en su categoría.",FERRETERÍA > Cintas,"https://www.truper.com/media/import/imagenes/M-33.jpg, https://www.truper.com/media/import/imagenes/M-33+D1.jpg, https://www.truper.com/media/import/imagenes/M-33+EI1.jpg, https://www.truper.com/media/import/imagenes/M-33+EIND1.jpg, https://www.truper.com/media/import/imagenes/M-33+EM1.jpg, https://www.truper.com/media/import/imagenes/M-33+E1.jpg, https://www.truper.com/media/import/imagenes/M-33+FC1.jpg, https://www.truper.com/media/import/imagenes/M-33+FC2.jpg",18.97,,Medida,18 M,1,1,Marca,,1,1,,,,
12501,simple,"Cinta de Aislar de  X 19 Mm, Negra, Truper - 9 M","Cinta de Aislar de 9 M X 19 Mm, Negra, Truper. Producto versátil, práctico y de excelente calidad. Diseñado para ofrecer los mejores resultados en su categoría.",FERRETERÍA > Cintas,"https://www.truper.com/media/import/imagenes/M-22.jpg, https://www.truper.com/media/import/imagenes/M-22+D1.jpg, https://www.truper.com/media/import/imagenes/M-22+EI1.jpg, https://www.truper.com/media/import/imagenes/M-22+EIND1.jpg, https://www.truper.com/media/import/imagenes/M-22+EM1.jpg, https://www.truper.com/media/import/imagenes/M-22+E1.jpg, https://www.truper.com/media/import/imagenes/M-22+FC1.jpg, https://www.truper.com/media/import/imagenes/M-22+FC2.jpg",8.91,,Medida,9 M,1,1,Marca,,1,1,,,,
LEVI0060,simple,"Clavija China Metal 2p, 3h, , 127v - 20a","Clavija China Metal 2p, 3h, 20a, 127v. Producto versátil, práctico y de excelente calidad. Diseñado para ofrecer los mejores resultados en su categoría.",MATERIAL ELÉCTRICO > Accesorios eléctricos,https://dummyimage.com/600x600/cccccc/000000.png,113.15,,Medida,20a,1,1,Marca,,1,1,,,,
SURT0008,simple,"Clavija China Metal 2p, 3h, , 127v - 15a","Clavija China Metal 2p, 3h, 15a, 127v. Producto versátil, práctico y de excelente calidad. Diseñado para ofrecer los mejores resultados en su categoría.",MATERIAL ELÉCTRICO > Accesorios eléctricos,https://dummyimage.com/600x600/cccccc/000000.png,20.4,,Medida,15a,1,1,Marca,,1,1,,,,
46203,simple,Clavija Industrial Blindada Aterrizada Cara de Chino,"Clavija Industrial Blindada Aterrizada Cara de Chino. Producto versátil, práctico y de excelente calidad. Diseñado para ofrecer los mejores resultados en su categoría.",MATERIAL ELÉCTRICO > Accesorios eléctricos,"https://springgreen-sparrow-647332.hostingersite.com/wp-content/uploads/productos/CLI-CH.jpg, https://springgreen-sparrow-647332.hostingersite.com/wp-content/uploads/productos/CLI-CH_D1.jpg, https://springgreen-sparrow-647332.hostingersite.com/wp-content/uploads/productos/CLI-CH_EI1.jpg, https://springgreen-sparrow-647332.hostingersite.com/wp-content/uploads/productos/CLI-CH_EM1.jpg, https://springgreen-sparrow-647332.hostingersite.com/wp-content/uploads/productos/CLI-CH_E1.jpg, https://springgreen-sparrow-647332.hostingersite.com/wp-content/uploads/productos/CLI-CH_FC1.jpg",20.69,,,,,,,,,,,,,
46202,simple,"Clavija Industrial Blindada Aterrizada, 2 Polos+tierra","Clavija Industrial Blindada Aterrizada, 2 Polos+tierra. Producto versátil, práctico y de excelente calidad. Diseñado para ofrecer los mejores resultados en su categoría.",MATERIAL ELÉCTRICO > Accesorios eléctricos,"https://springgreen-sparrow-647332.hostingersite.com/wp-content/uploads/productos/CLI-A.jpg, https://springgreen-sparrow-647332.hostingersite.com/wp-content/uploads/productos/CLI-A_D1.jpg, https://springgreen-sparrow-647332.hostingersite.com/wp-content/uploads/productos/CLI-A_EI1.jpg, https://springgreen-sparrow-647332.hostingersite.com/wp-content/uploads/productos/CLI-A_EIND1.jpg, https://springgreen-sparrow-647332.hostingersite.com/wp-content/uploads/productos/CLI-A_EM1.jpg, https://springgreen-sparrow-647332.hostingersite.com/wp-content/uploads/productos/CLI-A_E1.jpg, https://springgreen-sparrow-647332.hostingersite.com/wp-content/uploads/productos/CLI-A_FC1.jpg",16.38,,,,,,,,,,,,,
46200,simple,"Clavija Industrial Blindada Polarizada, Volteck","Clavija Industrial Blindada Polarizada, Volteck. Producto versátil, práctico y de excelente calidad. Diseñado para ofrecer los mejores resultados en su categoría.",MATERIAL ELÉCTRICO > Accesorios eléctricos,"https://springgreen-sparrow-647332.hostingersite.com/wp-content/uploads/productos/SKU_46200.png, https://springgreen-sparrow-647332.hostingersite.com/wp-content/uploads/productos/CLI-S_D1.jpg, https://springgreen-sparrow-647332.hostingersite.com/wp-content/uploads/productos/CLI-S_EI1.jpg, https://springgreen-sparrow-647332.hostingersite.com/wp-content/uploads/productos/CLI-S_EIND1.jpg, https://springgreen-sparrow-647332.hostingersite.com/wp-content/uploads/productos/CLI-S_EM1.jpg, https://springgreen-sparrow-647332.hostingersite.com/wp-content/uploads/productos/CLI-S_E1.jpg, https://springgreen-sparrow-647332.hostingersite.com/wp-content/uploads/productos/CLI-S_FC1.jpg",15.09,,,,,,,,,,,,,
LEVI0040,simple,Clavija Recta 2p 3h  125v L5-15p - 15a,"Clavija Recta 2p 3h 15a 125v L5-15p. Producto versátil, práctico y de excelente calidad. Diseñado para ofrecer los mejores resultados en su categoría.",MATERIAL ELÉCTRICO > Accesorios eléctricos,https://dummyimage.com/600x600/cccccc/000000.png,111.6,,Medida,15a,1,1,Marca,,1,1,,,,
LEVI0042,simple,Clavija Recta 2p 3h  125v L5-15p - 15a,"Clavija Recta 2p 3h 15a 125v L5-15p. Producto versátil, práctico y de excelente calidad. Diseñado para ofrecer los mejores resultados en su categoría.",Varios,https://dummyimage.com/600x600/cccccc/000000.png,60.5,,Medida,15a,1,1,Marca,,1,1,,,,
45551,simple,"Codo 90° Ppr,â , Macho-hembra, Foset - 1/2 pulg","Codo 90â° Ppr,â 1/2"", Macho-hembra, Foset. Producto versátil, práctico y de excelente calidad. Diseñado para ofrecer los mejores resultados en su categoría.",FERRETERÍA > Hidráulico,"https://www.truper.com/media/import/imagenes/CV-521.jpg, https://www.truper.com/media/import/imagenes/CV-521+E1.jpg, https://www.truper.com/media/import/imagenes/CV-521+FC1.jpg",4.05,,Medida,1/2 pulg,1,1,Marca,,1,1,,,,
45552,simple,"Codo 90° Ppr,â , Macho-hembra, Foset - 3/4 pulg","Codo 90â° Ppr,â 3/4"", Macho-hembra, Foset. Producto versátil, práctico y de excelente calidad. Diseñado para ofrecer los mejores resultados en su categoría.",FERRETERÍA > Hidráulico,"https://www.truper.com/media/import/imagenes/CV-522.jpg, https://www.truper.com/media/import/imagenes/CV-522+FC1.jpg",6.9,,Medida,3/4 pulg,1,1,Marca,,1,1,,,,
CDPV0001,simple,Codo Pvc T. Pesado - 1/2 pulg,"Codo Pvc T. Pesado 1/2"". Producto versátil, práctico y de excelente calidad. Diseñado para ofrecer los mejores resultados en su categoría.",FERRETERÍA > Hidráulico,https://dummyimage.com/600x600/cccccc/000000.png,4.25,,Medida,1/2 pulg,1,1,Marca,,1,1,,,,
CDPV0002,simple,Codo Pvc T. Pesado - 3/4 pulg,"Codo Pvc T. Pesado 3/4"". Producto versátil, práctico y de excelente calidad. Diseñado para ofrecer los mejores resultados en su categoría.",FERRETERÍA > Hidráulico,https://dummyimage.com/600x600/cccccc/000000.png,5.78,,Medida,3/4 pulg,1,1,Marca,,1,1,,,,
CDPV0004,simple,Codo Pvc T. Pesado - 1 1/4 pulg,"Codo Pvc T. Pesado 1 1/4"". Producto versátil, práctico y de excelente calidad. Diseñado para ofrecer los mejores resultados en su categoría.",FERRETERÍA > Hidráulico,https://dummyimage.com/600x600/cccccc/000000.png,16.37,,Medida,1 1/4 pulg,1,1,Marca,,1,1,,,,
CDPV0005,simple,Codo Pvc T. Pesado - 1 1/2 pulg,"Codo Pvc T. Pesado 1 1/2"". Producto versátil, práctico y de excelente calidad. Diseñado para ofrecer los mejores resultados en su categoría.",FERRETERÍA > Hidráulico,https://dummyimage.com/600x600/cccccc/000000.png,23.63,,Medida,1 1/2 pulg,1,1,Marca,,1,1,,,,
CDPV0007,simple,Codo Pvc T. Pesado - 2 1/2 pulg,"Codo Pvc T. Pesado 2 1/2"". Producto versátil, práctico y de excelente calidad. Diseñado para ofrecer los mejores resultados en su categoría.",FERRETERÍA > Hidráulico,https://dummyimage.com/600x600/cccccc/000000.png,58.61,,Medida,2 1/2 pulg,1,1,Marca,,1,1,,,,
CDCR0001,simple,Codo con Rosca - 1/2 pulg,"Codo con Rosca 1/2"". Producto versátil, práctico y de excelente calidad. Diseñado para ofrecer los mejores resultados en su categoría.",FERRETERÍA > Hidráulico,https://dummyimage.com/600x600/cccccc/000000.png,40.1,,Medida,1/2 pulg,1,1,Marca,,1,1,,,,
CDCR0002,simple,Codo con Rosca - 3/4 pulg,"Codo con Rosca 3/4"". Producto versátil, práctico y de excelente calidad. Diseñado para ofrecer los mejores resultados en su categoría.",FERRETERÍA > Hidráulico,https://dummyimage.com/600x600/cccccc/000000.png,53.91,,Medida,3/4 pulg,1,1,Marca,,1,1,,,,
CDCR0004,simple,Codo con Rosca - 1 1/4 pulg,"Codo con Rosca 1 1/4"". Producto versátil, práctico y de excelente calidad. Diseñado para ofrecer los mejores resultados en su categoría.",FERRETERÍA > Hidráulico,https://dummyimage.com/600x600/cccccc/000000.png,156.68,,Medida,1 1/4 pulg,1,1,Marca,,1,1,,,,
CDCR0005,simple,Codo con Rosca - 1 1/2 pulg,"Codo con Rosca 1 1/2"". Producto versátil, práctico y de excelente calidad. Diseñado para ofrecer los mejores resultados en su categoría.",FERRETERÍA > Hidráulico,https://dummyimage.com/600x600/cccccc/000000.png,181.98,,Medida,1 1/2 pulg,1,1,Marca,,1,1,,,,
CDCR0007,simple,Codo con Rosca - 2 1/2 pulg,"Codo con Rosca 2 1/2"". Producto versátil, práctico y de excelente calidad. Diseñado para ofrecer los mejores resultados en su categoría.",FERRETERÍA > Hidráulico,https://dummyimage.com/600x600/cccccc/000000.png,763.44,,Medida,2 1/2 pulg,1,1,Marca,,1,1,,,,
CDSR0001,simple,Codo sin Rosca - 1/2 pulg,"Codo sin Rosca 1/2. Producto versátil, práctico y de excelente calidad. Diseñado para ofrecer los mejores resultados en su categoría.",FERRETERÍA > Hidráulico,https://dummyimage.com/600x600/cccccc/000000.png,23.54,,Medida,1/2 pulg,1,1,Marca,,1,1,,,,
CDSR0002,simple,Codo sin Rosca - 3/4 pulg,"Codo sin Rosca 3/4"". Producto versátil, práctico y de excelente calidad. Diseñado para ofrecer los mejores resultados en su categoría.",FERRETERÍA > Hidráulico,https://dummyimage.com/600x600/cccccc/000000.png,32.6,,Medida,3/4 pulg,1,1,Marca,,1,1,,,,
CDSR0004,simple,Codo sin Rosca - 1 1/4 pulg,"Codo sin Rosca 1 1/4"". Producto versátil, práctico y de excelente calidad. Diseñado para ofrecer los mejores resultados en su categoría.",FERRETERÍA > Hidráulico,https://dummyimage.com/600x600/cccccc/000000.png,126.15,,Medida,1 1/4 pulg,1,1,Marca,,1,1,,,,
CDSR0005,simple,Codo sin Rosca - 1 1/2 pulg,"Codo sin Rosca 1 1/2"". Producto versátil, práctico y de excelente calidad. Diseñado para ofrecer los mejores resultados en su categoría.",FERRETERÍA > Hidráulico,https://dummyimage.com/600x600/cccccc/000000.png,146.13,,Medida,1 1/2 pulg,1,1,Marca,,1,1,,,,
46982,simple,"Condulet  Conexión Tipo C, Volteck - 1/2 pulg","Condulet 1/2"" Conexiã³n Tipo C, Volteck. Producto versátil, práctico y de excelente calidad. Diseñado para ofrecer los mejores resultados en su categoría.",MATERIAL ELÉCTRICO > Canalización,https://www.truper.com/media/import/imagenes/COLET-1-2-C.jpg,50.0,,Medida,1/2 pulg,1,1,Marca,,1,1,,,,
46983,simple,"Condulet  Conexión Tipo C, Volteck - 3/4 pulg","Condulet 3/4"" Conexiã³n Tipo C, Volteck. Producto versátil, práctico y de excelente calidad. Diseñado para ofrecer los mejores resultados en su categoría.",MATERIAL ELÉCTRICO > Canalización,https://www.truper.com/media/import/imagenes/COLET-3-4-C.jpg,81.9,,Medida,3/4 pulg,1,1,Marca,,1,1,,,,
46985,simple,"Condulet  Conexión Tipo Fs, Volteck - 1/2 pulg","Condulet 1/2"" Conexiã³n Tipo Fs, Volteck. Producto versátil, práctico y de excelente calidad. Diseñado para ofrecer los mejores resultados en su categoría.",MATERIAL ELÉCTRICO > Canalización,https://www.truper.com/media/import/imagenes/COLET-1-2-FS.jpg,90.52,,Medida,1/2 pulg,1,1,Marca,,1,1,,,,
46986,simple,"Condulet  Conexión Tipo Fs, Volteck - 3/4 pulg","Condulet 3/4"" Conexiã³n Tipo Fs, Volteck. Producto versátil, práctico y de excelente calidad. Diseñado para ofrecer los mejores resultados en su categoría.",MATERIAL ELÉCTRICO > Canalización,https://www.truper.com/media/import/imagenes/COLET-3-4-FS.jpg,99.97,,Medida,3/4 pulg,1,1,Marca,,1,1,,,,
46970,simple,"Condulet  Conexión Tipo Lb, Volteck - 1/2 pulg","Condulet 1/2"" Conexiã³n Tipo Lb, Volteck. Producto versátil, práctico y de excelente calidad. Diseñado para ofrecer los mejores resultados en su categoría.",MATERIAL ELÉCTRICO > Canalización,https://www.truper.com/media/import/imagenes/COLET-1-2-LB.jpg,49.14,,Medida,1/2 pulg,1,1,Marca,,1,1,,,,
46971,simple,"Condulet  Conexión Tipo Lb, Volteck - 3/4 pulg","Condulet 3/4"" Conexiã³n Tipo Lb, Volteck. Producto versátil, práctico y de excelente calidad. Diseñado para ofrecer los mejores resultados en su categoría.",MATERIAL ELÉCTRICO > Canalización,https://www.truper.com/media/import/imagenes/COLET-3-4-LB.jpg,73.28,,Medida,3/4 pulg,1,1,Marca,,1,1,,,,
46976,simple,"Condulet  Conexión Tipo Ll, Volteck - 1/2 pulg","Condulet 1/2"" Conexiã³n Tipo Ll, Volteck. Producto versátil, práctico y de excelente calidad. Diseñado para ofrecer los mejores resultados en su categoría.",MATERIAL ELÉCTRICO > Canalización,https://www.truper.com/media/import/imagenes/COLET-1-2-LL.jpg,50.0,,Medida,1/2 pulg,1,1,Marca,,1,1,,,,
46977,simple,"Condulet  Conexión Tipo Ll, Volteck - 3/4 pulg","Condulet 3/4"" Conexiã³n Tipo Ll, Volteck. Producto versátil, práctico y de excelente calidad. Diseñado para ofrecer los mejores resultados en su categoría.",MATERIAL ELÉCTRICO > Canalización,https://www.truper.com/media/import/imagenes/COLET-3-4-LL.jpg,81.9,,Medida,3/4 pulg,1,1,Marca,,1,1,,,,
46973,simple,"Condulet  Conexión Tipo Lr, Volteck - 1/2 pulg","Condulet 1/2"" Conexiã³n Tipo Lr, Volteck. Producto versátil, práctico y de excelente calidad. Diseñado para ofrecer los mejores resultados en su categoría.",MATERIAL ELÉCTRICO > Canalización,https://www.truper.com/media/import/imagenes/COLET-1-2-LR.jpg,47.85,,Medida,1/2 pulg,1,1,Marca,,1,1,,,,
46974,simple,"Condulet  Conexión Tipo Lr, Volteck - 3/4 pulg","Condulet 3/4"" Conexiã³n Tipo Lr, Volteck. Producto versátil, práctico y de excelente calidad. Diseñado para ofrecer los mejores resultados en su categoría.",MATERIAL ELÉCTRICO > Canalización,https://www.truper.com/media/import/imagenes/COLET-3-4-LR.jpg,81.9,,Medida,3/4 pulg,1,1,Marca,,1,1,,,,
46979,simple,"Condulet  Conexión Tipo T, Volteck - 1/2 pulg","Condulet 1/2"" Conexiã³n Tipo T, Volteck. Producto versátil, práctico y de excelente calidad. Diseñado para ofrecer los mejores resultados en su categoría.",MATERIAL ELÉCTRICO > Canalización,https://www.truper.com/media/import/imagenes/COLET-1-2-T.jpg,54.31,,Medida,1/2 pulg,1,1,Marca,,1,1,,,,
46980,simple,"Condulet  Conexión Tipo T, Volteck - 3/4 pulg","Condulet 3/4"" Conexiã³n Tipo T, Volteck. Producto versátil, práctico y de excelente calidad. Diseñado para ofrecer los mejores resultados en su categoría.",MATERIAL ELÉCTRICO > Canalización,https://www.truper.com/media/import/imagenes/COLET-3-4-T.jpg,83.62,,Medida,3/4 pulg,1,1,Marca,,1,1,,,,
COC0001,simple,Condulet C - 1/2 pulg,"Condulet C 1/2. Producto versátil, práctico y de excelente calidad. Diseñado para ofrecer los mejores resultados en su categoría.",MATERIAL ELÉCTRICO > Canalización,https://dummyimage.com/600x600/cccccc/000000.png,61.83,,Medida,1/2 pulg,1,1,Marca,,1,1,,,,
COC0002,simple,Condulet C - 3/4 pulg,"Condulet C 3/4. Producto versátil, práctico y de excelente calidad. Diseñado para ofrecer los mejores resultados en su categoría.",MATERIAL ELÉCTRICO > Canalización,https://dummyimage.com/600x600/cccccc/000000.png,77.63,,Medida,3/4 pulg,1,1,Marca,,1,1,,,,
COC0004,simple,Condulet C - 1 1/4 pulg,"Condulet C 1 1/4. Producto versátil, práctico y de excelente calidad. Diseñado para ofrecer los mejores resultados en su categoría.",MATERIAL ELÉCTRICO > Canalización,https://dummyimage.com/600x600/cccccc/000000.png,241.65,,Medida,1 1/4 pulg,1,1,Marca,,1,1,,,,
COC0005,simple,Condulet C - 1 1/2 pulg,"Condulet C 1 1/2. Producto versátil, práctico y de excelente calidad. Diseñado para ofrecer los mejores resultados en su categoría.",MATERIAL ELÉCTRICO > Canalización,https://dummyimage.com/600x600/cccccc/000000.png,244.35,,Medida,1 1/2 pulg,1,1,Marca,,1,1,,,,
COC0006,simple,Condulet C - 1 1/4 pulg,"Condulet C 1 1/4. Producto versátil, práctico y de excelente calidad. Diseñado para ofrecer los mejores resultados en su categoría.",MATERIAL ELÉCTRICO > Canalización,https://dummyimage.com/600x600/cccccc/000000.png,258.6,,Medida,1 1/4 pulg,1,1,Marca,,1,1,,,,
COLB0001,simple,Condulet Lb - 1/2 pulg,"Condulet Lb 1/2. Producto versátil, práctico y de excelente calidad. Diseñado para ofrecer los mejores resultados en su categoría.",MATERIAL ELÉCTRICO > Canalización,https://dummyimage.com/600x600/cccccc/000000.png,54.18,,Medida,1/2 pulg,1,1,Marca,,1,1,,,,
COLB0002,simple,Condulet Lb - 3/4 pulg,"Condulet Lb 3/4. Producto versátil, práctico y de excelente calidad. Diseñado para ofrecer los mejores resultados en su categoría.",MATERIAL ELÉCTRICO > Canalización,https://dummyimage.com/600x600/cccccc/000000.png,69.02,,Medida,3/4 pulg,1,1,Marca,,1,1,,,,
COLB0004,simple,Condulet Lb - 1 1/4 pulg,"Condulet Lb 1 1/4. Producto versátil, práctico y de excelente calidad. Diseñado para ofrecer los mejores resultados en su categoría.",MATERIAL ELÉCTRICO > Canalización,https://dummyimage.com/600x600/cccccc/000000.png,231.56,,Medida,1 1/4 pulg,1,1,Marca,,1,1,,,,
COLB0005,simple,Condulet Lb - 1 1/2 pulg,"Condulet Lb 1 1/2. Producto versátil, práctico y de excelente calidad. Diseñado para ofrecer los mejores resultados en su categoría.",MATERIAL ELÉCTRICO > Canalización,https://dummyimage.com/600x600/cccccc/000000.png,238.65,,Medida,1 1/2 pulg,1,1,Marca,,1,1,,,,
COLL0001,simple,Condulet Ll - 1/2 pulg,"Condulet Ll 1/2. Producto versátil, práctico y de excelente calidad. Diseñado para ofrecer los mejores resultados en su categoría.",MATERIAL ELÉCTRICO > Canalización,https://dummyimage.com/600x600/cccccc/000000.png,0.0,,Medida,1/2 pulg,1,1,Marca,,1,1,,,,
COLL0002,simple,Condulet Ll - 3/4 pulg,"Condulet Ll 3/4. Producto versátil, práctico y de excelente calidad. Diseñado para ofrecer los mejores resultados en su categoría.",MATERIAL ELÉCTRICO > Canalización,https://dummyimage.com/600x600/cccccc/000000.png,59.07,,Medida,3/4 pulg,1,1,Marca,,1,1,,,,
COLL0004,simple,Condulet Ll - 1 1/4 pulg,"Condulet Ll 1 1/4. Producto versátil, práctico y de excelente calidad. Diseñado para ofrecer los mejores resultados en su categoría.",MATERIAL ELÉCTRICO > Canalización,https://dummyimage.com/600x600/cccccc/000000.png,228.98,,Medida,1 1/4 pulg,1,1,Marca,,1,1,,,,
COLR0001,simple,Condulet Lr - 1/2 pulg,"Condulet Lr 1/2. Producto versátil, práctico y de excelente calidad. Diseñado para ofrecer los mejores resultados en su categoría.",MATERIAL ELÉCTRICO > Canalización,https://dummyimage.com/600x600/cccccc/000000.png,137.4,,Medida,1/2 pulg,1,1,Marca,,1,1,,,,
COLR0002,simple,Condulet Lr - 3/4 pulg,"Condulet Lr 3/4. Producto versátil, práctico y de excelente calidad. Diseñado para ofrecer los mejores resultados en su categoría.",MATERIAL ELÉCTRICO > Canalización,https://dummyimage.com/600x600/cccccc/000000.png,74.15,,Medida,3/4 pulg,1,1,Marca,,1,1,,,,
COLR0005,simple,Condulet Lr - 1 1/2 pulg,"Condulet Lr 1 1/2. Producto versátil, práctico y de excelente calidad. Diseñado para ofrecer los mejores resultados en su categoría.",MATERIAL ELÉCTRICO > Canalización,https://dummyimage.com/600x600/cccccc/000000.png,245.75,,Medida,1 1/2 pulg,1,1,Marca,,1,1,,,,
COT0001,simple,Condulet Ot - 1/2 pulg,"Condulet Ot 1/2. Producto versátil, práctico y de excelente calidad. Diseñado para ofrecer los mejores resultados en su categoría.",MATERIAL ELÉCTRICO > Canalización,https://dummyimage.com/600x600/cccccc/000000.png,61.28,,Medida,1/2 pulg,1,1,Marca,,1,1,,,,
COT0002,simple,Condulet Ot - 3/4 pulg,"Condulet Ot 3/4. Producto versátil, práctico y de excelente calidad. Diseñado para ofrecer los mejores resultados en su categoría.",MATERIAL ELÉCTRICO > Canalización,https://dummyimage.com/600x600/cccccc/000000.png,82.55,,Medida,3/4 pulg,1,1,Marca,,1,1,,,,
COT0004,simple,Condulet Ot - 1 1/4 pulg,"Condulet Ot 1 1/4. Producto versátil, práctico y de excelente calidad. Diseñado para ofrecer los mejores resultados en su categoría.",MATERIAL ELÉCTRICO > Canalización,https://dummyimage.com/600x600/cccccc/000000.png,238.64,,Medida,1 1/4 pulg,1,1,Marca,,1,1,,,,
COT0005,simple,Condulet Ot - 1 1/2 pulg,"Condulet Ot 1 1/2. Producto versátil, práctico y de excelente calidad. Diseñado para ofrecer los mejores resultados en su categoría.",MATERIAL ELÉCTRICO > Canalización,https://dummyimage.com/600x600/cccccc/000000.png,242.52,,Medida,1 1/2 pulg,1,1,Marca,,1,1,,,,
CTLI0016,simple,Conect Curvo Licutite - 1/2 pulg,"Conect Curvo Licutite 1/2"". Producto versátil, práctico y de excelente calidad. Diseñado para ofrecer los mejores resultados en su categoría.",MATERIAL ELÉCTRICO > Canalización,https://dummyimage.com/600x600/cccccc/000000.png,31.08,,Medida,1/2 pulg,1,1,Marca,,1,1,,,,
CTLI0017,simple,Conect Curvo Licutite - 3/4 pulg,"Conect Curvo Licutite 3/4"". Producto versátil, práctico y de excelente calidad. Diseñado para ofrecer los mejores resultados en su categoría.",MATERIAL ELÉCTRICO > Canalización,https://dummyimage.com/600x600/cccccc/000000.png,43.08,,Medida,3/4 pulg,1,1,Marca,,1,1,,,,
CTLI0019,simple,Conect Curvo Licutite - 1 1/4 pulg,"Conect Curvo Licutite 1 1/4"". Producto versátil, práctico y de excelente calidad. Diseñado para ofrecer los mejores resultados en su categoría.",MATERIAL ELÉCTRICO > Canalización,https://dummyimage.com/600x600/cccccc/000000.png,152.22,,Medida,1 1/4 pulg,1,1,Marca,,1,1,,,,
CTLI0022,simple,Conect Curvo Licutite - 2 1/2 pulg,"Conect Curvo Licutite 2 1/2"". Producto versátil, práctico y de excelente calidad. Diseñado para ofrecer los mejores resultados en su categoría.",MATERIAL ELÉCTRICO > Canalización,https://dummyimage.com/600x600/cccccc/000000.png,712.2,,Medida,2 1/2 pulg,1,1,Marca,,1,1,,,,
CTGL0001,simple,Conect Glandula Plastico - 1/2 pulg,"Conect Glandula Plastico 1/2. Producto versátil, práctico y de excelente calidad. Diseñado para ofrecer los mejores resultados en su categoría.",MATERIAL ELÉCTRICO > Canalización,https://dummyimage.com/600x600/cccccc/000000.png,7.5,,Medida,1/2 pulg,1,1,Marca,,1,1,,,,
CTGL0002,simple,Conect Glandula Plastico - 3/4 pulg,"Conect Glandula Plastico 3/4"". Producto versátil, práctico y de excelente calidad. Diseñado para ofrecer los mejores resultados en su categoría.",MATERIAL ELÉCTRICO > Canalización,https://dummyimage.com/600x600/cccccc/000000.png,10.5,,Medida,3/4 pulg,1,1,Marca,,1,1,,,,
CTGL0004,simple,Conect Glandula Plastico - 1 1/2 pulg,"Conect Glandula Plastico 1 1/2"". Producto versátil, práctico y de excelente calidad. Diseñado para ofrecer los mejores resultados en su categoría.",MATERIAL ELÉCTRICO > Canalización,https://dummyimage.com/600x600/cccccc/000000.png,25.2,,Medida,1 1/2 pulg,1,1,Marca,,1,1,,,,
CTLI0002,simple,Conect Recto Licutite - 1/2 pulg,"Conect Recto Licutite 1/2"". Producto versátil, práctico y de excelente calidad. Diseñado para ofrecer los mejores resultados en su categoría.",MATERIAL ELÉCTRICO > Canalización,https://dummyimage.com/600x600/cccccc/000000.png,21.48,,Medida,1/2 pulg,1,1,Marca,,1,1,,,,
CTLI0003,simple,Conect Recto Licutite - 3/4 pulg,"Conect Recto Licutite 3/4"". Producto versátil, práctico y de excelente calidad. Diseñado para ofrecer los mejores resultados en su categoría.",MATERIAL ELÉCTRICO > Canalización,https://dummyimage.com/600x600/cccccc/000000.png,35.15,,Medida,3/4 pulg,1,1,Marca,,1,1,,,,
CTLI0005,simple,Conect Recto Licutite - 1 1/4 pulg,"Conect Recto Licutite 1 1/4. Producto versátil, práctico y de excelente calidad. Diseñado para ofrecer los mejores resultados en su categoría.",MATERIAL ELÉCTRICO > Canalización,https://dummyimage.com/600x600/cccccc/000000.png,83.07,,Medida,1 1/4 pulg,1,1,Marca,,1,1,,,,
CTLI0006,simple,Conect Recto Licutite - 1 1/2 pulg,"Conect Recto Licutite 1 1/2. Producto versátil, práctico y de excelente calidad. Diseñado para ofrecer los mejores resultados en su categoría.",MATERIAL ELÉCTRICO > Canalización,https://dummyimage.com/600x600/cccccc/000000.png,102.56,,Medida,1 1/2 pulg,1,1,Marca,,1,1,,,,
COBI0004,simple,Conector Bipartido Bim Cal - 1/0 pulg,"Conector Bipartido Bim Cal 1/0. Producto versátil, práctico y de excelente calidad. Diseñado para ofrecer los mejores resultados en su categoría.",MATERIAL ELÉCTRICO > Canalización,https://dummyimage.com/600x600/cccccc/000000.png,177.43,,Medida,1/0 pulg,1,1,Marca,,1,1,,,,
CTBI0004,simple,Conector Bipartido Bim Cal - 1/0 pulg,"Conector Bipartido Bim Cal 1/0. Producto versátil, práctico y de excelente calidad. Diseñado para ofrecer los mejores resultados en su categoría.",MATERIAL ELÉCTRICO > Canalización,https://dummyimage.com/600x600/cccccc/000000.png,139.02,,Medida,1/0 pulg,1,1,Marca,,1,1,,,,
46933,simple,"Conector Curvo de  para Tubo Liquid Tight, Volteck - 1/2 pulg","Conector Curvo de 1/2"" para Tubo Liquid Tight, Volteck. Producto versátil, práctico y de excelente calidad. Diseñado para ofrecer los mejores resultados en su categoría.",MATERIAL ELÉCTRICO > Canalización,https://www.truper.com/media/import/imagenes/CLQ-1-2C.jpg,33.62,,Medida,1/2 pulg,1,1,Marca,,1,1,,,,
46934,simple,"Conector Curvo de  para Tubo Liquid Tight, Volteck - 3/4 pulg","Conector Curvo de 3/4"" para Tubo Liquid Tight, Volteck. Producto versátil, práctico y de excelente calidad. Diseñado para ofrecer los mejores resultados en su categoría.",MATERIAL ELÉCTRICO > Canalización,https://www.truper.com/media/import/imagenes/CLQ-3-4C.jpg,30.17,,Medida,3/4 pulg,1,1,Marca,,1,1,,,,
CTHU0001,simple,Conector Hub - 1/2 pulg,"Conector Hub 1/2"". Producto versátil, práctico y de excelente calidad. Diseñado para ofrecer los mejores resultados en su categoría.",MATERIAL ELÉCTRICO > Canalización,https://dummyimage.com/600x600/cccccc/000000.png,53.21,,Medida,1/2 pulg,1,1,Marca,,1,1,,,,
CTHU0002,simple,Conector Hub - 3/4 pulg,"Conector Hub 3/4"". Producto versátil, práctico y de excelente calidad. Diseñado para ofrecer los mejores resultados en su categoría.",MATERIAL ELÉCTRICO > Canalización,https://dummyimage.com/600x600/cccccc/000000.png,67.73,,Medida,3/4 pulg,1,1,Marca,,1,1,,,,
CTHU0004,simple,Conector Hub - 1 1/4 pulg,"Conector Hub 1 1/4"". Producto versátil, práctico y de excelente calidad. Diseñado para ofrecer los mejores resultados en su categoría.",MATERIAL ELÉCTRICO > Canalización,https://dummyimage.com/600x600/cccccc/000000.png,102.56,,Medida,1 1/4 pulg,1,1,Marca,,1,1,,,,
CTPV0001,simple,Conector Pvc T. Pesado - 1/2 pulg,"Conector Pvc T. Pesado 1/2"". Producto versátil, práctico y de excelente calidad. Diseñado para ofrecer los mejores resultados en su categoría.",MATERIAL ELÉCTRICO > Canalización,https://dummyimage.com/600x600/cccccc/000000.png,3.71,,Medida,1/2 pulg,1,1,Marca,,1,1,,,,
CTPV0002,simple,Conector Pvc T. Pesado - 3/4 pulg,"Conector Pvc T. Pesado 3/4"". Producto versátil, práctico y de excelente calidad. Diseñado para ofrecer los mejores resultados en su categoría.",MATERIAL ELÉCTRICO > Canalización,https://dummyimage.com/600x600/cccccc/000000.png,4.07,,Medida,3/4 pulg,1,1,Marca,,1,1,,,,
CTPV0004,simple,Conector Pvc T. Pesado - 1 1/4 pulg,"Conector Pvc T. Pesado 1 1/4"". Producto versátil, práctico y de excelente calidad. Diseñado para ofrecer los mejores resultados en su categoría.",MATERIAL ELÉCTRICO > Canalización,https://dummyimage.com/600x600/cccccc/000000.png,26.45,,Medida,1 1/4 pulg,1,1,Marca,,1,1,,,,
CTPV0005,simple,Conector Pvc T. Pesado - 1 1/2 pulg,"Conector Pvc T. Pesado 1 1/2"". Producto versátil, práctico y de excelente calidad. Diseñado para ofrecer los mejores resultados en su categoría.",MATERIAL ELÉCTRICO > Canalización,https://dummyimage.com/600x600/cccccc/000000.png,31.89,,Medida,1 1/2 pulg,1,1,Marca,,1,1,,,,
CTPV0007,simple,Conector Pvc T. Pesado - 2 1/2 pulg,"Conector Pvc T. Pesado 2 1/2"". Producto versátil, práctico y de excelente calidad. Diseñado para ofrecer los mejores resultados en su categoría.",MATERIAL ELÉCTRICO > Canalización,https://dummyimage.com/600x600/cccccc/000000.png,77.94,,Medida,2 1/2 pulg,1,1,Marca,,1,1,,,,
47340,simple,"Conector Recto  para Tubo Flexible Metálico, Volteck - 1/2 pulg","Conector Recto 1/2"" para Tubo Flexible Metã¡lico, Volteck. Producto versátil, práctico y de excelente calidad. Diseñado para ofrecer los mejores resultados en su categoría.",MATERIAL ELÉCTRICO > Canalización,https://www.truper.com/media/import/imagenes/CTF-1-2R.jpg,12.07,,Medida,1/2 pulg,1,1,Marca,,1,1,,,,
47341,simple,"Conector Recto  para Tubo Flexible Metálico, Volteck - 3/4 pulg","Conector Recto 3/4"" para Tubo Flexible Metã¡lico, Volteck. Producto versátil, práctico y de excelente calidad. Diseñado para ofrecer los mejores resultados en su categoría.",MATERIAL ELÉCTRICO > Canalización,https://www.truper.com/media/import/imagenes/CTF-3-4R.jpg,16.38,,Medida,3/4 pulg,1,1,Marca,,1,1,,,,
46930,simple,"Conector Recto  para Tubo Liquid Tight, Volteck - 1/2 pulg","Conector Recto 1/2"" para Tubo Liquid Tight, Volteck. Producto versátil, práctico y de excelente calidad. Diseñado para ofrecer los mejores resultados en su categoría.",MATERIAL ELÉCTRICO > Canalización,https://www.truper.com/media/import/imagenes/CLQ-1-2R.jpg,23.28,,Medida,1/2 pulg,1,1,Marca,,1,1,,,,
46931,simple,"Conector Recto  para Tubo Liquid Tight, Volteck - 3/4 pulg","Conector Recto 3/4"" para Tubo Liquid Tight, Volteck. Producto versátil, práctico y de excelente calidad. Diseñado para ofrecer los mejores resultados en su categoría.",MATERIAL ELÉCTRICO > Canalización,https://www.truper.com/media/import/imagenes/CLQ-3-4R.jpg,32.34,,Medida,3/4 pulg,1,1,Marca,,1,1,,,,
CTUR0001,simple,Conector Uso Rudo - 1/2 pulg,"Conector Uso Rudo 1/2"". Producto versátil, práctico y de excelente calidad. Diseñado para ofrecer los mejores resultados en su categoría.",MATERIAL ELÉCTRICO > Canalización,https://dummyimage.com/600x600/cccccc/000000.png,6.71,,Medida,1/2 pulg,1,1,Marca,,1,1,,,,
CTUR0002,simple,Conector Uso Rudo - 3/4 pulg,"Conector Uso Rudo 3/4"". Producto versátil, práctico y de excelente calidad. Diseñado para ofrecer los mejores resultados en su categoría.",MATERIAL ELÉCTRICO > Canalización,https://dummyimage.com/600x600/cccccc/000000.png,11.48,,Medida,3/4 pulg,1,1,Marca,,1,1,,,,
CTVCL10,simple,Conector Vcl - 1/0 pulg,"Conector Vcl1/0. Producto versátil, práctico y de excelente calidad. Diseñado para ofrecer los mejores resultados en su categoría.",MATERIAL ELÉCTRICO > Canalización,https://dummyimage.com/600x600/cccccc/000000.png,38.04,,Medida,1/0 pulg,1,1,Marca,,1,1,,,,
CTVCL20,simple,Conector Vcl - 1/2 pulg,"Conector Vcl 1/2. Producto versátil, práctico y de excelente calidad. Diseñado para ofrecer los mejores resultados en su categoría.",MATERIAL ELÉCTRICO > Canalización,https://dummyimage.com/600x600/cccccc/000000.png,42.56,,Medida,1/2 pulg,1,1,Marca,,1,1,,,,
CTVCL40,simple,Conector Vcl - 4/0 pulg,"Conector Vcl 4/0. Producto versátil, práctico y de excelente calidad. Diseñado para ofrecer los mejores resultados en su categoría.",MATERIAL ELÉCTRICO > Canalización,https://dummyimage.com/600x600/cccccc/000000.png,46.82,,Medida,4/0 pulg,1,1,Marca,,1,1,,,,
CTWP0001,simple,Conector Wp - 1/2 pulg,"Conector Wp 1/2"". Producto versátil, práctico y de excelente calidad. Diseñado para ofrecer los mejores resultados en su categoría.",MATERIAL ELÉCTRICO > Canalización,https://dummyimage.com/600x600/cccccc/000000.png,15.81,,Medida,1/2 pulg,1,1,Marca,,1,1,,,,
CTWP0002,simple,Conector Wp - 3/4 pulg,"Conector Wp 3/4. Producto versátil, práctico y de excelente calidad. Diseñado para ofrecer los mejores resultados en su categoría.",MATERIAL ELÉCTRICO > Canalización,https://dummyimage.com/600x600/cccccc/000000.png,23.67,,Medida,3/4 pulg,1,1,Marca,,1,1,,,,
CTWP0004,simple,Conector Wp - 1 1/4 pulg,"Conector Wp 1 1/4"". Producto versátil, práctico y de excelente calidad. Diseñado para ofrecer los mejores resultados en su categoría.",MATERIAL ELÉCTRICO > Canalización,https://dummyimage.com/600x600/cccccc/000000.png,98.46,,Medida,1 1/4 pulg,1,1,Marca,,1,1,,,,
CTWP0005,simple,Conector Wp - 1 1/2 pulg,"Conector Wp 1 1/2. Producto versátil, práctico y de excelente calidad. Diseñado para ofrecer los mejores resultados en su categoría.",MATERIAL ELÉCTRICO > Canalización,https://dummyimage.com/600x600/cccccc/000000.png,100.86,,Medida,1 1/2 pulg,1,1,Marca,,1,1,,,,
CTWP0007,simple,Conector Wp - 2 1/2 pulg,"Conector Wp 2 1/2"". Producto versátil, práctico y de excelente calidad. Diseñado para ofrecer los mejores resultados en su categoría.",MATERIAL ELÉCTRICO > Canalización,https://dummyimage.com/600x600/cccccc/000000.png,263.3,,Medida,2 1/2 pulg,1,1,Marca,,1,1,,,,
CTZA0016,simple,Conector Zapa Curvo - 1/2 pulg,"Conector Zapa Curvo 1/2"". Producto versátil, práctico y de excelente calidad. Diseñado para ofrecer los mejores resultados en su categoría.",MATERIAL ELÉCTRICO > Canalización,https://dummyimage.com/600x600/cccccc/000000.png,24.75,,Medida,1/2 pulg,1,1,Marca,,1,1,,,,
CTZA0017,simple,Conector Zapa Curvo - 3/4 pulg,"Conector Zapa Curvo 3/4"". Producto versátil, práctico y de excelente calidad. Diseñado para ofrecer los mejores resultados en su categoría.",MATERIAL ELÉCTRICO > Canalización,https://dummyimage.com/600x600/cccccc/000000.png,27.81,,Medida,3/4 pulg,1,1,Marca,,1,1,,,,
CTZA0019,simple,Conector Zapa Curvo - 1 1/4 pulg,"Conector Zapa Curvo 1 1/4"". Producto versátil, práctico y de excelente calidad. Diseñado para ofrecer los mejores resultados en su categoría.",MATERIAL ELÉCTRICO > Canalización,https://dummyimage.com/600x600/cccccc/000000.png,43.94,,Medida,1 1/4 pulg,1,1,Marca,,1,1,,,,
CTZA0020,simple,Conector Zapa Curvo - 1 1/2 pulg,"Conector Zapa Curvo 1 1/2"". Producto versátil, práctico y de excelente calidad. Diseñado para ofrecer los mejores resultados en su categoría.",MATERIAL ELÉCTRICO > Canalización,https://dummyimage.com/600x600/cccccc/000000.png,119.46,,Medida,1 1/2 pulg,1,1,Marca,,1,1,,,,
CTZA0001,simple,Conector Zapa Recto - 1/2 pulg,"Conector Zapa Recto 1/2"". Producto versátil, práctico y de excelente calidad. Diseñado para ofrecer los mejores resultados en su categoría.",MATERIAL ELÉCTRICO > Canalización,https://dummyimage.com/600x600/cccccc/000000.png,9.74,,Medida,1/2 pulg,1,1,Marca,,1,1,,,,
CTZA0002,simple,Conector Zapa Recto - 3/4 pulg,"Conector Zapa Recto 3/4"". Producto versátil, práctico y de excelente calidad. Diseñado para ofrecer los mejores resultados en su categoría.",MATERIAL ELÉCTRICO > Canalización,https://dummyimage.com/600x600/cccccc/000000.png,14.64,,Medida,3/4 pulg,1,1,Marca,,1,1,,,,
CTZA0005,simple,Conector Zapa Recto - 1 1/4 pulg,"Conector Zapa Recto 1 1/4"". Producto versátil, práctico y de excelente calidad. Diseñado para ofrecer los mejores resultados en su categoría.",MATERIAL ELÉCTRICO > Canalización,https://dummyimage.com/600x600/cccccc/000000.png,32.25,,Medida,1 1/4 pulg,1,1,Marca,,1,1,,,,
CTZA0008,simple,Conector Zapa Recto - 2 1/2 pulg,"Conector Zapa Recto 2 1/2"". Producto versátil, práctico y de excelente calidad. Diseñado para ofrecer los mejores resultados en su categoría.",MATERIAL ELÉCTRICO > Canalización,https://dummyimage.com/600x600/cccccc/000000.png,165.12,,Medida,2 1/2 pulg,1,1,Marca,,1,1,,,,
CTSR0001,simple,Conector con Tornillo - 1/2 pulg,"Conector con Tornillo 1/2"". Producto versátil, práctico y de excelente calidad. Diseñado para ofrecer los mejores resultados en su categoría.",MATERIAL ELÉCTRICO > Canalización,https://dummyimage.com/600x600/cccccc/000000.png,8.06,,Medida,1/2 pulg,1,1,Marca,,1,1,,,,
CTSR0002,simple,Conector con Tornillo - 3/4 pulg,"Conector con Tornillo 3/4"". Producto versátil, práctico y de excelente calidad. Diseñado para ofrecer los mejores resultados en su categoría.",MATERIAL ELÉCTRICO > Canalización,https://dummyimage.com/600x600/cccccc/000000.png,10.64,,Medida,3/4 pulg,1,1,Marca,,1,1,,,,
CTSR0004,simple,Conector con Tornillo - 1 1/4 pulg,"Conector con Tornillo 1 1/4"". Producto versátil, práctico y de excelente calidad. Diseñado para ofrecer los mejores resultados en su categoría.",MATERIAL ELÉCTRICO > Canalización,https://dummyimage.com/600x600/cccccc/000000.png,79.92,,Medida,1 1/4 pulg,1,1,Marca,,1,1,,,,
CTSR0005,simple,Conector con Tornillo - 1 1/2 pulg,"Conector con Tornillo 1 1/2"". Producto versátil, práctico y de excelente calidad. Diseñado para ofrecer los mejores resultados en su categoría.",MATERIAL ELÉCTRICO > Canalización,https://dummyimage.com/600x600/cccccc/000000.png,43.09,,Medida,1 1/2 pulg,1,1,Marca,,1,1,,,,
CTSR0007,simple,Conector con Tornillo - 2 1/2 pulg,"Conector con Tornillo 2 1/2"". Producto versátil, práctico y de excelente calidad. Diseñado para ofrecer los mejores resultados en su categoría.",MATERIAL ELÉCTRICO > Canalización,https://dummyimage.com/600x600/cccccc/000000.png,156.74,,Medida,2 1/2 pulg,1,1,Marca,,1,1,,,,
FULG0006,simple,"Contacto Chino Colgante 2p, 3h, , 220v - 15a","Contacto Chino Colgante 2p, 3h, 15a, 220v. Producto versátil, práctico y de excelente calidad. Diseñado para ofrecer los mejores resultados en su categoría.",MATERIAL ELÉCTRICO > Instalación,https://dummyimage.com/600x600/cccccc/000000.png,58.3,,Medida,15a,1,1,Marca,,1,1,,,,
SURT0023,simple,"Contacto Chino Colgante 2p, 3h, , 220v - 15a","Contacto Chino Colgante 2p, 3h, 15a, 220v. Producto versátil, práctico y de excelente calidad. Diseñado para ofrecer los mejores resultados en su categoría.",MATERIAL ELÉCTRICO > Instalación,https://dummyimage.com/600x600/cccccc/000000.png,20.32,,Medida,15a,1,1,Marca,,1,1,,,,
LEVI0004,simple,Contacto Doble 2p  15a 125v  5325w - 3w - Blanco,"Contacto Doble 2p 3w 15a 125v Blanco 5325w. Producto versátil, práctico y de excelente calidad. Diseñado para ofrecer los mejores resultados en su categoría.",MATERIAL ELÉCTRICO > Instalación,https://dummyimage.com/600x600/cccccc/000000.png,78.33,,Medida,3w,1,1,Color,Blanco,1,1,Marca,,1,1
LEVI0019,simple,Contacto Doble 2p  15a 125v  5325w - 3w - Blanco,"Contacto Doble 2p 3w 15a 125v Blanco 5325w. Componente eléctrico seguro y altamente confiable. Cumple con estrictas normas técnicas, ideal para instalaciones residenciales y comerciales.",MATERIAL ELECTRICO,https://dummyimage.com/600x600/cccccc/000000.png,56.85,,Medida,3w,1,1,Color,Blanco,1,1,Marca,,1,1
46105,simple,"Contacto Dúplex, Tierra Aislada, , Línea Standard - 15 A","Contacto Dãºplex, Tierra Aislada, 15 A, Lã­nea Standard. Producto versátil, práctico y de excelente calidad. Diseñado para ofrecer los mejores resultados en su categoría.",MATERIAL ELÉCTRICO > Instalación,"https://www.truper.com/media/import/imagenes/CODO-TAS.jpg, https://www.truper.com/media/import/imagenes/CODO-TAS+EI1.jpg, https://www.truper.com/media/import/imagenes/CODO-TAS+EIND1.jpg, https://www.truper.com/media/import/imagenes/CODO-TAS+EM1.jpg, https://www.truper.com/media/import/imagenes/CODO-TAS+E1.jpg, https://www.truper.com/media/import/imagenes/CODO-TAS+FC1.jpg, https://www.truper.com/media/import/imagenes/CODO-TAS+FC2.jpg, https://www.truper.com/media/import/imagenes/CODO-TAS+FC3.jpg",39.66,,Medida,15 A,1,1,Marca,,1,1,,,,
48022,simple,"Contacto Dúplex, Tierra Aislada, , Línea Standard - 20 A","Contacto Dãºplex, Tierra Aislada, 20 A, Lã­nea Standard. Producto versátil, práctico y de excelente calidad. Diseñado para ofrecer los mejores resultados en su categoría.",MATERIAL ELÉCTRICO > Instalación,"https://www.truper.com/media/import/imagenes/CODO-MTAS.jpg, https://www.truper.com/media/import/imagenes/CODO-MTAS+EI1.jpg, https://www.truper.com/media/import/imagenes/CODO-MTAS+EIND1.jpg, https://www.truper.com/media/import/imagenes/CODO-MTAS+EM1.jpg, https://www.truper.com/media/import/imagenes/CODO-MTAS+E1.jpg, https://www.truper.com/media/import/imagenes/CODO-MTAS+FC1.jpg, https://www.truper.com/media/import/imagenes/CODO-MTAS+FC2.jpg, https://www.truper.com/media/import/imagenes/CODO-MTAS+FC3.jpg",47.41,,Medida,20 A,1,1,Marca,,1,1,,,,
46114,simple,Contacto Industrial Blindado Aterrizado Cara de Chino,"Contacto Industrial Blindado Aterrizado Cara de Chino. Producto versátil, práctico y de excelente calidad. Diseñado para ofrecer los mejores resultados en su categoría.",MATERIAL ELÉCTRICO > Instalación,"https://springgreen-sparrow-647332.hostingersite.com/wp-content/uploads/productos/SKU_46114.jpg, https://springgreen-sparrow-647332.hostingersite.com/wp-content/uploads/productos/COI-CH_D1.jpg, https://springgreen-sparrow-647332.hostingersite.com/wp-content/uploads/productos/COI-CH_EI1.jpg, https://springgreen-sparrow-647332.hostingersite.com/wp-content/uploads/productos/COI-CH_EIND1.jpg, https://springgreen-sparrow-647332.hostingersite.com/wp-content/uploads/productos/COI-CH_EM1.jpg, https://springgreen-sparrow-647332.hostingersite.com/wp-content/uploads/productos/COI-CH_E1.jpg, https://springgreen-sparrow-647332.hostingersite.com/wp-content/uploads/productos/COI-CH_FC1.jpg",24.11,,,,,,,,,,,,,
46113,simple,"Contacto Industrial Blindado Aterrizado, 2 Polos+tierra","Contacto Industrial Blindado Aterrizado, 2 Polos+tierra. Producto versátil, práctico y de excelente calidad. Diseñado para ofrecer los mejores resultados en su categoría.",MATERIAL ELÉCTRICO > Instalación,"https://springgreen-sparrow-647332.hostingersite.com/wp-content/uploads/productos/SKU_46113.jpg, https://springgreen-sparrow-647332.hostingersite.com/wp-content/uploads/productos/COI-A_D1.jpg, https://springgreen-sparrow-647332.hostingersite.com/wp-content/uploads/productos/COI-A_EI1.jpg, https://springgreen-sparrow-647332.hostingersite.com/wp-content/uploads/productos/COI-A_EIND1.jpg, https://springgreen-sparrow-647332.hostingersite.com/wp-content/uploads/productos/COI-A_EM1.jpg, https://springgreen-sparrow-647332.hostingersite.com/wp-content/uploads/productos/COI-A_E1.jpg, https://springgreen-sparrow-647332.hostingersite.com/wp-content/uploads/productos/COI-A_FC1.jpg",20.69,,,,,,,,,,,,,
CONT0001,simple,Contratuerca - 1/2 pulg,"Contratuerca 1/2"". Producto versátil, práctico y de excelente calidad. Diseñado para ofrecer los mejores resultados en su categoría.",MATERIAL ELÉCTRICO > Canalización,https://dummyimage.com/600x600/cccccc/000000.png,1.69,,Medida,1/2 pulg,1,1,Marca,,1,1,,,,
CONT0002,simple,Contratuerca - 3/4 pulg,"Contratuerca 3/4"". Producto versátil, práctico y de excelente calidad. Diseñado para ofrecer los mejores resultados en su categoría.",MATERIAL ELÉCTRICO > Canalización,https://dummyimage.com/600x600/cccccc/000000.png,2.5,,Medida,3/4 pulg,1,1,Marca,,1,1,,,,
CONT0004,simple,Contratuerca - 1 1/4 pulg,"Contratuerca 1 1/4"". Producto versátil, práctico y de excelente calidad. Diseñado para ofrecer los mejores resultados en su categoría.",MATERIAL ELÉCTRICO > Canalización,https://dummyimage.com/600x600/cccccc/000000.png,7.56,,Medida,1 1/4 pulg,1,1,Marca,,1,1,,,,
CONT0005,simple,Contratuerca - 1 1/2 pulg,"Contratuerca 1 1/2"". Producto versátil, práctico y de excelente calidad. Diseñado para ofrecer los mejores resultados en su categoría.",MATERIAL ELÉCTRICO > Canalización,https://dummyimage.com/600x600/cccccc/000000.png,9.05,,Medida,1 1/2 pulg,1,1,Marca,,1,1,,,,
CONT0007,simple,Contratuerca - 2 1/2 pulg,"Contratuerca 2 1/2"". Producto versátil, práctico y de excelente calidad. Diseñado para ofrecer los mejores resultados en su categoría.",MATERIAL ELÉCTRICO > Canalización,https://dummyimage.com/600x600/cccccc/000000.png,23.96,,Medida,2 1/2 pulg,1,1,Marca,,1,1,,,,
COHE0001,simple,Cople Hexagonal - 1/4 pulg,"Cople Hexagonal 1/4. Producto versátil, práctico y de excelente calidad. Diseñado para ofrecer los mejores resultados en su categoría.",MATERIAL ELÉCTRICO > Canalización,https://dummyimage.com/600x600/cccccc/000000.png,3.71,,Medida,1/4 pulg,1,1,Marca,,1,1,,,,
COHE0003,simple,Cople Hexagonal - 3/8 pulg,"Cople Hexagonal 3/8. Producto versátil, práctico y de excelente calidad. Diseñado para ofrecer los mejores resultados en su categoría.",MATERIAL ELÉCTRICO > Canalización,https://dummyimage.com/600x600/cccccc/000000.png,5.81,,Medida,3/8 pulg,1,1,Marca,,1,1,,,,
COHE0004,simple,Cople Hexagonal - 1/2 pulg,"Cople Hexagonal 1/2. Producto versátil, práctico y de excelente calidad. Diseñado para ofrecer los mejores resultados en su categoría.",MATERIAL ELÉCTRICO > Canalización,https://dummyimage.com/600x600/cccccc/000000.png,10.32,,Medida,1/2 pulg,1,1,Marca,,1,1,,,,
COPV0001,simple,Cople Pvc T. Pesado - 1/2 pulg,"Cople Pvc T. Pesado 1/2"". Producto versátil, práctico y de excelente calidad. Diseñado para ofrecer los mejores resultados en su categoría.",MATERIAL ELÉCTRICO > Canalización,https://dummyimage.com/600x600/cccccc/000000.png,2.15,,Medida,1/2 pulg,1,1,Marca,,1,1,,,,
COPV0002,simple,Cople Pvc T. Pesado - 3/4 pulg,"Cople Pvc T. Pesado 3/4"". Producto versátil, práctico y de excelente calidad. Diseñado para ofrecer los mejores resultados en su categoría.",MATERIAL ELÉCTRICO > Canalización,https://dummyimage.com/600x600/cccccc/000000.png,2.91,,Medida,3/4 pulg,1,1,Marca,,1,1,,,,
COPV0004,simple,Cople Pvc T. Pesado - 1 1/4 pulg,"Cople Pvc T. Pesado 1 1/4. Producto versátil, práctico y de excelente calidad. Diseñado para ofrecer los mejores resultados en su categoría.",MATERIAL ELÉCTRICO > Canalización,https://dummyimage.com/600x600/cccccc/000000.png,17.27,,Medida,1 1/4 pulg,1,1,Marca,,1,1,,,,
COPV0005,simple,Cople Pvc T. Pesado - 1 1/2 pulg,"Cople Pvc T. Pesado 1 1/2"". Producto versátil, práctico y de excelente calidad. Diseñado para ofrecer los mejores resultados en su categoría.",MATERIAL ELÉCTRICO > Canalización,https://dummyimage.com/600x600/cccccc/000000.png,23.87,,Medida,1 1/2 pulg,1,1,Marca,,1,1,,,,
COPV0007,simple,Cople Pvc T. Pesado - 2 1/2 pulg,"Cople Pvc T. Pesado 2 1/2"". Producto versátil, práctico y de excelente calidad. Diseñado para ofrecer los mejores resultados en su categoría.",MATERIAL ELÉCTRICO > Canalización,https://dummyimage.com/600x600/cccccc/000000.png,83.3,,Medida,2 1/2 pulg,1,1,Marca,,1,1,,,,
COWP0001,simple,Cople Wp - 1/2 pulg,"Cople Wp 1/2"". Producto versátil, práctico y de excelente calidad. Diseñado para ofrecer los mejores resultados en su categoría.",MATERIAL ELÉCTRICO > Canalización,https://dummyimage.com/600x600/cccccc/000000.png,14.57,,Medida,1/2 pulg,1,1,Marca,,1,1,,,,
COWP0002,simple,Cople Wp - 3/4 pulg,"Cople Wp 3/4"". Producto versátil, práctico y de excelente calidad. Diseñado para ofrecer los mejores resultados en su categoría.",MATERIAL ELÉCTRICO > Canalización,https://dummyimage.com/600x600/cccccc/000000.png,19.7,,Medida,3/4 pulg,1,1,Marca,,1,1,,,,
COWP0004,simple,Cople Wp - 1 1/4 pulg,"Cople Wp 1 1/4. Producto versátil, práctico y de excelente calidad. Diseñado para ofrecer los mejores resultados en su categoría.",MATERIAL ELÉCTRICO > Canalización,https://dummyimage.com/600x600/cccccc/000000.png,33.42,,Medida,1 1/4 pulg,1,1,Marca,,1,1,,,,
COWP0007,simple,Cople Wp - 2 1/2 pulg,"Cople Wp 2 1/2"". Producto versátil, práctico y de excelente calidad. Diseñado para ofrecer los mejores resultados en su categoría.",MATERIAL ELÉCTRICO > Canalización,https://dummyimage.com/600x600/cccccc/000000.png,297.36,,Medida,2 1/2 pulg,1,1,Marca,,1,1,,,,
COSR0001,simple,Cople con Tornillo - 1/2 pulg,"Cople con Tornillo 1/2"". Producto versátil, práctico y de excelente calidad. Diseñado para ofrecer los mejores resultados en su categoría.",MATERIAL ELÉCTRICO > Canalización,https://dummyimage.com/600x600/cccccc/000000.png,5.75,,Medida,1/2 pulg,1,1,Marca,,1,1,,,,
COSR0002,simple,Cople con Tornillo - 3/4 pulg,"Cople con Tornillo 3/4"". Producto versátil, práctico y de excelente calidad. Diseñado para ofrecer los mejores resultados en su categoría.",MATERIAL ELÉCTRICO > Canalización,https://dummyimage.com/600x600/cccccc/000000.png,8.37,,Medida,3/4 pulg,1,1,Marca,,1,1,,,,
COSR0004,simple,Cople con Tornillo - 1 1/4 pulg,"Cople con Tornillo 1 1/4"". Producto versátil, práctico y de excelente calidad. Diseñado para ofrecer los mejores resultados en su categoría.",MATERIAL ELÉCTRICO > Canalización,https://dummyimage.com/600x600/cccccc/000000.png,32.16,,Medida,1 1/4 pulg,1,1,Marca,,1,1,,,,
COSR0005,simple,Cople con Tornillo - 1 1/2 pulg,"Cople con Tornillo 1 1/2"". Producto versátil, práctico y de excelente calidad. Diseñado para ofrecer los mejores resultados en su categoría.",MATERIAL ELÉCTRICO > Canalización,https://dummyimage.com/600x600/cccccc/000000.png,37.71,,Medida,1 1/2 pulg,1,1,Marca,,1,1,,,,
COSR0007,simple,Cople con Tornillo - 2 1/2 pulg,"Cople con Tornillo 2 1/2"". Producto versátil, práctico y de excelente calidad. Diseñado para ofrecer los mejores resultados en su categoría.",MATERIAL ELÉCTRICO > Canalización,https://dummyimage.com/600x600/cccccc/000000.png,112.38,,Medida,2 1/2 pulg,1,1,Marca,,1,1,,,,
COSR0009,simple,Cople con Tornillo - 3 1/2 pulg,"Cople con Tornillo 3 1/2"". Producto versátil, práctico y de excelente calidad. Diseñado para ofrecer los mejores resultados en su categoría.",MATERIAL ELÉCTRICO > Canalización,https://dummyimage.com/600x600/cccccc/000000.png,233.63,,Medida,3 1/2 pulg,1,1,Marca,,1,1,,,,
55961,simple,"Cubeta Plástica con Exprimidor, 8l Klintek","Cubeta Plã¡stica con Exprimidor, 8l Klintek. Producto versátil, práctico y de excelente calidad. Diseñado para ofrecer los mejores resultados en su categoría.",VARIOS,"https://springgreen-sparrow-647332.hostingersite.com/wp-content/uploads/productos/SKU_55961.jpg, https://springgreen-sparrow-647332.hostingersite.com/wp-content/uploads/productos/CUBE-8E_EI1.jpg, https://springgreen-sparrow-647332.hostingersite.com/wp-content/uploads/productos/CUBE-8E_EIND1.jpg, https://springgreen-sparrow-647332.hostingersite.com/wp-content/uploads/productos/CUBE-8E_EM1.jpg, https://springgreen-sparrow-647332.hostingersite.com/wp-content/uploads/productos/CUBE-8E_FC1.jpg, https://springgreen-sparrow-647332.hostingersite.com/wp-content/uploads/productos/CUBE-8E_FC2.jpg",137.07,,,,,,,,,,,,,
13188,simple,"Dado Largo de ', 6 Puntas, Cuadro 1/4', Truper - 1/2 pulg","Dado Largo de 1/2', 6 Puntas, Cuadro 1/4', Truper. Producto versátil, práctico y de excelente calidad. Diseñado para ofrecer los mejores resultados en su categoría.",Varios,https://dummyimage.com/600x600/cccccc/000000.png,42.24,,Medida,1/2 pulg,1,1,Marca,,1,1,,,,
13186,simple,"Dado Largo de ', 6 Puntas, Cuadro 1/4', Truper - 3/8 pulg","Dado Largo de 3/8', 6 Puntas, Cuadro 1/4', Truper. Producto versátil, práctico y de excelente calidad. Diseñado para ofrecer los mejores resultados en su categoría.",Varios,https://dummyimage.com/600x600/cccccc/000000.png,39.66,,Medida,3/8 pulg,1,1,Marca,,1,1,,,,
13182,simple,"Dado Largo de , 6 Puntas, Cuadro 1/4"", Truper - 1/4 pulg","Dado Largo de 1/4"", 6 Puntas, Cuadro 1/4"", Truper. Producto versátil, práctico y de excelente calidad. Diseñado para ofrecer los mejores resultados en su categoría.",FERRETERÍA > Manuales,"https://www.truper.com/media/import/imagenes/D-1408-L.jpg, https://www.truper.com/media/import/imagenes/D-1408-L+EI1.jpg, https://www.truper.com/media/import/imagenes/D-1408-L+EIND1.jpg, https://www.truper.com/media/import/imagenes/D-1408-L+E1.jpg, https://www.truper.com/media/import/imagenes/D-1408-L+FC1.jpg, https://www.truper.com/media/import/imagenes/D-1408-L+FC2.jpg",36.21,,Medida,1/4 pulg,1,1,Marca,,1,1,,,,
13184,simple,"Dado Largo de , 6 Puntas, Cuadro 1/4"", Truper - 5/16 pulg","Dado Largo de 5/16"", 6 Puntas, Cuadro 1/4"", Truper. Producto versátil, práctico y de excelente calidad. Diseñado para ofrecer los mejores resultados en su categoría.",FERRETERÍA > Manuales,"https://www.truper.com/media/import/imagenes/D-1410-L.jpg, https://www.truper.com/media/import/imagenes/D-1410-L+EI1.jpg, https://www.truper.com/media/import/imagenes/D-1410-L+EIND1.jpg, https://www.truper.com/media/import/imagenes/D-1410-L+EM1.jpg, https://www.truper.com/media/import/imagenes/D-1410-L+E1.jpg, https://www.truper.com/media/import/imagenes/D-1410-L+FC1.jpg, https://www.truper.com/media/import/imagenes/D-1410-L+FC2.jpg",36.21,,Medida,5/16 pulg,1,1,Marca,,1,1,,,,
13202,simple,"Dado Largo de , 6 Puntas, Cuadro 1/4"", Truper - 8 Mm","Dado Largo de 8 Mm, 6 Puntas, Cuadro 1/4"", Truper. Producto versátil, práctico y de excelente calidad. Diseñado para ofrecer los mejores resultados en su categoría.",FERRETERÍA > Manuales,"https://www.truper.com/media/import/imagenes/D-1408-LM.jpg, https://www.truper.com/media/import/imagenes/D-1408-LM+EI1.jpg, https://www.truper.com/media/import/imagenes/D-1408-LM+EIND1.jpg, https://www.truper.com/media/import/imagenes/D-1408-LM+EM1.jpg, https://www.truper.com/media/import/imagenes/D-1408-LM+E1.jpg, https://www.truper.com/media/import/imagenes/D-1408-LM+FC1.jpg, https://www.truper.com/media/import/imagenes/D-1408-LM+FC2.jpg",36.21,,Medida,8 Mm,1,1,Marca,,1,1,,,,
13203,simple,"Dado Largo de , 6 Puntas, Cuadro 1/4"", Truper - 9 Mm","Dado Largo de 9 Mm, 6 Puntas, Cuadro 1/4"", Truper. Producto versátil, práctico y de excelente calidad. Diseñado para ofrecer los mejores resultados en su categoría.",FERRETERÍA > Manuales,"https://www.truper.com/media/import/imagenes/D-1409-LM.jpg, https://www.truper.com/media/import/imagenes/D-1409-LM+EI1.jpg, https://www.truper.com/media/import/imagenes/D-1409-LM+EIND1.jpg, https://www.truper.com/media/import/imagenes/D-1409-LM+EM1.jpg, https://www.truper.com/media/import/imagenes/D-1409-LM+E1.jpg, https://www.truper.com/media/import/imagenes/D-1409-LM+FC1.jpg, https://www.truper.com/media/import/imagenes/D-1409-LM+FC2.jpg",39.66,,Medida,9 Mm,1,1,Marca,,1,1,,,,
13204,simple,"Dado Largo de , 6 Puntas, Cuadro 1/4', Truper - 10 Mm","Dado Largo de 10 Mm, 6 Puntas, Cuadro 1/4', Truper. Producto versátil, práctico y de excelente calidad. Diseñado para ofrecer los mejores resultados en su categoría.",Varios,https://dummyimage.com/600x600/cccccc/000000.png,39.66,,Medida,10 Mm,1,1,Marca,,1,1,,,,
13207,simple,"Dado Largo de , 6 Puntas, Cuadro 1/4', Truper - 13 Mm","Dado Largo de 13 Mm, 6 Puntas, Cuadro 1/4', Truper. Producto versátil, práctico y de excelente calidad. Diseñado para ofrecer los mejores resultados en su categoría.",Varios,https://dummyimage.com/600x600/cccccc/000000.png,42.24,,Medida,13 Mm,1,1,Marca,,1,1,,,,
6910H,simple,Dado de Impacto  6 Puntas 5/16 - 1/4 pulg,"Dado de Impacto 1/4"" 6 Puntas 5/16. Producto versátil, práctico y de excelente calidad. Diseñado para ofrecer los mejores resultados en su categoría.",Varios,https://dummyimage.com/600x600/cccccc/000000.png,51.99,,Medida,1/4 pulg,1,1,Marca,,1,1,,,,
7210H,simple,Dado de Impacto  6 Puntas 5/16 - 3/8 pulg,"Dado de Impacto 3/8"" 6 Puntas 5/16. Producto versátil, práctico y de excelente calidad. Diseñado para ofrecer los mejores resultados en su categoría.",Varios,https://dummyimage.com/600x600/cccccc/000000.png,63,,Medida,3/8 pulg,1,1,Marca,,1,1,,,,
D416V,simple,"Destornillador con Mango  Dieléctrico , Punta - 1000 V - Amarillo","Destornillador con Mango Amarillo Dieléctrico 1000 V, Punta. Producto versátil, práctico y de excelente calidad. Diseñado para ofrecer los mejores resultados en su categoría.",Varios,https://dummyimage.com/600x600/cccccc/000000.png,51,,Medida,1000 V,1,1,Color,Amarillo,1,1,Marca,,1,1
D402V,simple,"Destornillador con Mango  Dieléctrico , Punta - 1000 V - Amarillo","Destornillador con Mango Amarillo Dieléctrico 1000 V, Punta. Producto versátil, práctico y de excelente calidad. Diseñado para ofrecer los mejores resultados en su categoría.",Varios,https://dummyimage.com/600x600/cccccc/000000.png,46,,Medida,1000 V,1,1,Color,Amarillo,1,1,Marca,,1,1
YD360B,simple,Empotrador Dirigible Mr 16 - Blanco,"Empotrador Dirigible Mr 16 Blanco. Producto versátil, práctico y de excelente calidad. Diseñado para ofrecer los mejores resultados en su categoría.",ILUMINACIÓN > Interior,https://dummyimage.com/600x600/cccccc/000000.png,126.08,,Color,Blanco,1,1,Marca,,1,1,,,,
YD360N,simple,Empotrador Dirigible Mr 16 - Negro,"Empotrador Dirigible Mr 16 Negro. Producto versátil, práctico y de excelente calidad. Diseñado para ofrecer los mejores resultados en su categoría.",ILUMINACIÓN > Interior,https://dummyimage.com/600x600/cccccc/000000.png,136.5,,Color,Negro,1,1,Marca,,1,1,,,,
10920,simple,"Espuma Expansiva de Poliuretano, , Truper - 500 Ml","Espuma Expansiva de Poliuretano, 500 Ml, Truper. Producto versátil, práctico y de excelente calidad. Diseñado para ofrecer los mejores resultados en su categoría.",FERRETERÍA > Albañilería,"https://www.truper.com/media/import/imagenes/ESEX-500.jpg, https://www.truper.com/media/import/imagenes/ESEX-500+EI1.jpg, https://www.truper.com/media/import/imagenes/ESEX-500+EM1.jpg, https://www.truper.com/media/import/imagenes/ESEX-500+FC1.jpg, https://www.truper.com/media/import/imagenes/ESEX-500+FC2.jpg, https://www.truper.com/media/import/imagenes/ESEX-500+FC3.jpg",168.97,,Medida,500 Ml,1,1,Marca,,1,1,,,,
15305,simple,"Espuma Expansiva de Poliuretano, , Truper - 750 Ml","Espuma Expansiva de Poliuretano, 750 Ml, Truper. Producto versátil, práctico y de excelente calidad. Diseñado para ofrecer los mejores resultados en su categoría.",FERRETERÍA > Albañilería,"https://www.truper.com/media/import/imagenes/ESEX-750.jpg, https://www.truper.com/media/import/imagenes/ESEX-750+EI1.jpg, https://www.truper.com/media/import/imagenes/ESEX-750+EM1.jpg, https://www.truper.com/media/import/imagenes/ESEX-750+FC1.jpg, https://www.truper.com/media/import/imagenes/ESEX-750+FC2.jpg, https://www.truper.com/media/import/imagenes/ESEX-750+FC3.jpg",237.07,,Medida,750 Ml,1,1,Marca,,1,1,,,,
12939,simple,"Estuche con 5 Dados Magnéticos de  Largo 2-1/2"", Expert - 1/4 pulg","Estuche con 5 Dados Magnã©ticos de 1/4"" Largo 2-1/2"", Expert. Producto versátil, práctico y de excelente calidad. Diseñado para ofrecer los mejores resultados en su categoría.",FERRETERÍA > Manuales,"https://www.truper.com/media/import/imagenes/PUDE-9025.jpg, https://www.truper.com/media/import/imagenes/PUDE-9025+E1.jpg, https://www.truper.com/media/import/imagenes/PUDE-9025+FC1.jpg, https://www.truper.com/media/import/imagenes/PUDE-9025+FC2.jpg",53.45,,Medida,1/4 pulg,1,1,Marca,,1,1,,,,
12940,simple,"Estuche con 5 Dados Magnéticos de  Largo 2-1/2"", Expert - 3/8 pulg","Estuche con 5 Dados Magnã©ticos de 3/8"" Largo 2-1/2"", Expert. Producto versátil, práctico y de excelente calidad. Diseñado para ofrecer los mejores resultados en su categoría.",FERRETERÍA > Manuales,"https://www.truper.com/media/import/imagenes/PUDE-9027.jpg, https://www.truper.com/media/import/imagenes/PUDE-9027+EI1.jpg, https://www.truper.com/media/import/imagenes/PUDE-9027+EIND1.jpg, https://www.truper.com/media/import/imagenes/PUDE-9027+EM1.jpg, https://www.truper.com/media/import/imagenes/PUDE-9027+E1.jpg, https://www.truper.com/media/import/imagenes/PUDE-9027+FC1.jpg, https://www.truper.com/media/import/imagenes/PUDE-9027+FC2.jpg",60.34,,Medida,3/8 pulg,1,1,Marca,,1,1,,,,
12942,simple,"Estuche con 5 Dados Magnéticos de  Largo 2-1/2"", Expert - 5/16 pulg","Estuche con 5 Dados Magnã©ticos de 5/16"" Largo 2-1/2"", Expert. Producto versátil, práctico y de excelente calidad. Diseñado para ofrecer los mejores resultados en su categoría.",FERRETERÍA > Manuales,"https://www.truper.com/media/import/imagenes/PUDE-9031.jpg, https://www.truper.com/media/import/imagenes/PUDE-9031+E1.jpg, https://www.truper.com/media/import/imagenes/PUDE-9031+FC1.jpg, https://www.truper.com/media/import/imagenes/PUDE-9031+FC2.jpg",60.34,,Medida,5/16 pulg,1,1,Marca,,1,1,,,,
48000,simple,"Extensión Eléctrica Doméstica  Clavija Plana, Blanca - 2 M","Extensiã³n Elã©ctrica Domã©stica 2 M Clavija Plana, Blanca. Producto versátil, práctico y de excelente calidad. Diseñado para ofrecer los mejores resultados en su categoría.",MATERIAL ELÉCTRICO > Accesorios eléctricos,"https://www.truper.com/media/import/imagenes/ED-2B.jpg, https://www.truper.com/media/import/imagenes/ED-2B+D1.jpg, https://www.truper.com/media/import/imagenes/ED-2B+EI2.jpg, https://www.truper.com/media/import/imagenes/ED-2B+EIND1.jpg, https://www.truper.com/media/import/imagenes/ED-2B+EM1.jpg, https://www.truper.com/media/import/imagenes/ED-2B+E1.jpg, https://www.truper.com/media/import/imagenes/ED-2B+FC1.jpg",32.76,,Medida,2 M,1,1,Marca,,1,1,,,,
48006,simple,"Extensión Eléctrica Doméstica  Clavija Plana, Blanca - 3 M","Extensiã³n Elã©ctrica Domã©stica 3 M Clavija Plana, Blanca. Producto versátil, práctico y de excelente calidad. Diseñado para ofrecer los mejores resultados en su categoría.",MATERIAL ELÉCTRICO > Accesorios eléctricos,"https://www.truper.com/media/import/imagenes/ED-3B.jpg, https://www.truper.com/media/import/imagenes/ED-3B+D1.jpg, https://www.truper.com/media/import/imagenes/ED-3B+EI1.jpg, https://www.truper.com/media/import/imagenes/ED-3B+EIND1.jpg, https://www.truper.com/media/import/imagenes/ED-3B+EM1.jpg, https://www.truper.com/media/import/imagenes/ED-3B+E1.jpg, https://www.truper.com/media/import/imagenes/ED-3B+FC1.jpg",39.66,,Medida,3 M,1,1,Marca,,1,1,,,,
48012,simple,"Extensión Eléctrica Doméstica  Clavija Plana, Blanca - 4 M","Extensiã³n Elã©ctrica Domã©stica 4 M Clavija Plana, Blanca. Producto versátil, práctico y de excelente calidad. Diseñado para ofrecer los mejores resultados en su categoría.",MATERIAL ELÉCTRICO > Accesorios eléctricos,"https://www.truper.com/media/import/imagenes/ED-4B.jpg, https://www.truper.com/media/import/imagenes/ED-4B+D1.jpg, https://www.truper.com/media/import/imagenes/ED-4B+EI1.jpg, https://www.truper.com/media/import/imagenes/ED-4B+EIND1.jpg, https://www.truper.com/media/import/imagenes/ED-4B+EM1.jpg, https://www.truper.com/media/import/imagenes/ED-4B+E1.jpg, https://www.truper.com/media/import/imagenes/ED-4B+FC1.jpg",50.86,,Medida,4 M,1,1,Marca,,1,1,,,,
48024,simple,"Extensión Eléctrica Doméstica  Clavija Plana, Blanca - 6 M","Extensiã³n Elã©ctrica Domã©stica 6 M Clavija Plana, Blanca. Producto versátil, práctico y de excelente calidad. Diseñado para ofrecer los mejores resultados en su categoría.",MATERIAL ELÉCTRICO > Accesorios eléctricos,"https://www.truper.com/media/import/imagenes/ED-6B.jpg, https://www.truper.com/media/import/imagenes/ED-6B+D1.jpg, https://www.truper.com/media/import/imagenes/ED-6B+EI1.jpg, https://www.truper.com/media/import/imagenes/ED-6B+EIND1.jpg, https://www.truper.com/media/import/imagenes/ED-6B+EM1.jpg, https://www.truper.com/media/import/imagenes/ED-6B+E1.jpg, https://www.truper.com/media/import/imagenes/ED-6B+FC1.jpg",68.1,,Medida,6 M,1,1,Marca,,1,1,,,,
48036,simple,"Extensión Eléctrica Doméstica  Clavija Plana, Blanca - 10 M","Extensiã³n Elã©ctrica Domã©stica 10 M Clavija Plana, Blanca. Producto versátil, práctico y de excelente calidad. Diseñado para ofrecer los mejores resultados en su categoría.",MATERIAL ELÉCTRICO > Accesorios eléctricos,"https://www.truper.com/media/import/imagenes/ED-10B.jpg, https://www.truper.com/media/import/imagenes/ED-10B+D1.jpg, https://www.truper.com/media/import/imagenes/ED-10B+EI1.jpg, https://www.truper.com/media/import/imagenes/ED-10B+EIND1.jpg, https://www.truper.com/media/import/imagenes/ED-10B+EM1.jpg, https://www.truper.com/media/import/imagenes/ED-10B+E1.jpg, https://www.truper.com/media/import/imagenes/ED-10B+FC1.jpg",99.14,,Medida,10 M,1,1,Marca,,1,1,,,,
46553,simple,"Extensión Reforzada Aterrizada  3x12 Awg, Volteck - 6 M","Extensiã³n Reforzada Aterrizada 6 M 3x12 Awg, Volteck. Producto versátil, práctico y de excelente calidad. Diseñado para ofrecer los mejores resultados en su categoría.",MATERIAL ELÉCTRICO > Cableado,"https://www.truper.com/media/import/imagenes/ERA-6X12.jpg, https://www.truper.com/media/import/imagenes/ERA-6X12+D1.jpg, https://www.truper.com/media/import/imagenes/ERA-6X12+EI1.jpg, https://www.truper.com/media/import/imagenes/ERA-6X12+EIND1.jpg, https://www.truper.com/media/import/imagenes/ERA-6X12+EM1.jpg, https://www.truper.com/media/import/imagenes/ERA-6X12+E1.jpg, https://www.truper.com/media/import/imagenes/ERA-6X12+FC1.jpg",405.17,,Medida,6 M,1,1,Marca,,1,1,,,,
46554,simple,"Extensión Reforzada Aterrizada  3x12 Awg, Volteck - 10 M","Extensiã³n Reforzada Aterrizada 10 M 3x12 Awg, Volteck. Producto versátil, práctico y de excelente calidad. Diseñado para ofrecer los mejores resultados en su categoría.",MATERIAL ELÉCTRICO > Cableado,"https://www.truper.com/media/import/imagenes/ERA-10X12.jpg, https://www.truper.com/media/import/imagenes/ERA-10X12+D1.jpg, https://www.truper.com/media/import/imagenes/ERA-10X12+E1.jpg, https://www.truper.com/media/import/imagenes/ERA-10X12+FC1.jpg",590.52,,Medida,10 M,1,1,Marca,,1,1,,,,
FOAM0003,simple,Foco Aditivo Metalico - 70w,"Foco Aditivo Metalico 70w. Producto versátil, práctico y de excelente calidad. Diseñado para ofrecer los mejores resultados en su categoría.",ILUMINACIÓN > Interior,https://dummyimage.com/600x600/cccccc/000000.png,210.39,,Medida,70w,1,1,Marca,,1,1,,,,
FOAM0007,simple,Foco Aditivo Metalico - 250w,"Foco Aditivo Metalico 250w. Producto versátil, práctico y de excelente calidad. Diseñado para ofrecer los mejores resultados en su categoría.",ILUMINACIÓN > Interior,https://dummyimage.com/600x600/cccccc/000000.png,223.65,,Medida,250w,1,1,Marca,,1,1,,,,
FOAM0008,simple,Foco Aditivo Metalico - 400w,"Foco Aditivo Metalico 400w. Producto versátil, práctico y de excelente calidad. Diseñado para ofrecer los mejores resultados en su categoría.",ILUMINACIÓN > Interior,https://dummyimage.com/600x600/cccccc/000000.png,288.93,,Medida,400w,1,1,Marca,,1,1,,,,
FULM0001,simple,Fulminante Cal 22  Ramset - Amarillo,"Fulminante Cal 22 Amarillo Ramset. Producto versátil, práctico y de excelente calidad. Diseñado para ofrecer los mejores resultados en su categoría.",FERRETERÍA > Equipos,https://dummyimage.com/600x600/cccccc/000000.png,3.63,,Color,Amarillo,1,1,Marca,,1,1,,,,
FULM0002,simple,Fulminante Cal 22  Ramset - Verde,"Fulminante Cal 22 Verde Ramset. Producto versátil, práctico y de excelente calidad. Diseñado para ofrecer los mejores resultados en su categoría.",FERRETERÍA > Equipos,https://dummyimage.com/600x600/cccccc/000000.png,3.63,,Color,Verde,1,1,Marca,,1,1,,,,
44970,simple,"Grillete de Acero Forjado , Fiero - 7/16 pulg","Grillete de Acero Forjado 7/16"", Fiero. Producto versátil, práctico y de excelente calidad. Diseñado para ofrecer los mejores resultados en su categoría.",FERRETERÍA > Ferretería general,https://www.truper.com/media/import/imagenes/GRI-7-16.jpg,53.45,,Medida,7/16 pulg,1,1,Marca,,1,1,,,,
44972,simple,"Grillete de Acero Forjado , Fiero - 5/8 pulg","Grillete de Acero Forjado 5/8"", Fiero. Producto versátil, práctico y de excelente calidad. Diseñado para ofrecer los mejores resultados en su categoría.",FERRETERÍA > Ferretería general,https://www.truper.com/media/import/imagenes/GRI-5-8.jpg,116.38,,Medida,5/8 pulg,1,1,Marca,,1,1,,,,
17751,simple,"Guía de Acero de  para Cable, Truper - 15 M","Guã­a de Acero de 15 M para Cable, Truper. Producto versátil, práctico y de excelente calidad. Diseñado para ofrecer los mejores resultados en su categoría.",MATERIAL ELÉCTRICO > Cableado,"https://www.truper.com/media/import/imagenes/GUIA-15.jpg, https://www.truper.com/media/import/imagenes/GUIA-15+E1.jpg, https://www.truper.com/media/import/imagenes/GUIA-15+FC1.jpg, https://www.truper.com/media/import/imagenes/GUIA-15+FC2.jpg",443.97,,Medida,15 M,1,1,Marca,,1,1,,,,
17752,simple,"Guía de Acero de  para Cable, Truper - 30 M","Guã­a de Acero de 30 M para Cable, Truper. Producto versátil, práctico y de excelente calidad. Diseñado para ofrecer los mejores resultados en su categoría.",MATERIAL ELÉCTRICO > Cableado,"https://www.truper.com/media/import/imagenes/GUIA-30.jpg, https://www.truper.com/media/import/imagenes/GUIA-30+E1.jpg, https://www.truper.com/media/import/imagenes/GUIA-30+FC1.jpg, https://www.truper.com/media/import/imagenes/GUIA-30+FC2.jpg",668.1,,Medida,30 M,1,1,Marca,,1,1,,,,
EDB14020,simple,Interruptor P/nf 1x - 20a,"Interruptor P/nf 1x20a. Producto versátil, práctico y de excelente calidad. Diseñado para ofrecer los mejores resultados en su categoría.",MATERIAL ELÉCTRICO > Instalación,https://dummyimage.com/600x600/cccccc/000000.png,756.0,,Medida,20a,1,1,Marca,,1,1,,,,
EDB34020,simple,Interruptor P/tablero Nf 3f - 20a,"Interruptor P/tablero Nf 3f 20a. Producto versátil, práctico y de excelente calidad. Diseñado para ofrecer los mejores resultados en su categoría.",MATERIAL ELÉCTRICO > Control y protección,https://dummyimage.com/600x600/cccccc/000000.png,3200.5,,Medida,20a,1,1,Marca,,1,1,,,,
EDB34030,simple,Interruptor P/tablero Nf 3f - 30a,"Interruptor P/tablero Nf 3f 30a. Producto versátil, práctico y de excelente calidad. Diseñado para ofrecer los mejores resultados en su categoría.",MATERIAL ELÉCTRICO > Control y protección,https://dummyimage.com/600x600/cccccc/000000.png,3200.5,,Medida,30a,1,1,Marca,,1,1,,,,
EDB34040,simple,Interruptor P/tablero Nf 3f - 40a,"Interruptor P/tablero Nf 3f 40a. Producto versátil, práctico y de excelente calidad. Diseñado para ofrecer los mejores resultados en su categoría.",MATERIAL ELÉCTRICO > Control y protección,https://dummyimage.com/600x600/cccccc/000000.png,3200.5,,Medida,40a,1,1,Marca,,1,1,,,,
EDB34050,simple,Interruptor P/tablero Nf 3f - 50a,"Interruptor P/tablero Nf 3f 50a. Producto versátil, práctico y de excelente calidad. Diseñado para ofrecer los mejores resultados en su categoría.",MATERIAL ELÉCTRICO > Control y protección,https://dummyimage.com/600x600/cccccc/000000.png,3200.5,,Medida,50a,1,1,Marca,,1,1,,,,
QO115,simple,Interruptor Qo 1x - 15a,"Interruptor Qo 1x15a. Producto versátil, práctico y de excelente calidad. Diseñado para ofrecer los mejores resultados en su categoría.",MATERIAL ELÉCTRICO > Control y protección,https://dummyimage.com/600x600/cccccc/000000.png,215.5,,Medida,15a,1,1,Marca,,1,1,,,,
QO120,simple,Interruptor Qo 1x - 20a,"Interruptor Qo 1x20a. Producto versátil, práctico y de excelente calidad. Diseñado para ofrecer los mejores resultados en su categoría.",MATERIAL ELÉCTRICO > Control y protección,https://dummyimage.com/600x600/cccccc/000000.png,215.5,,Medida,20a,1,1,Marca,,1,1,,,,
QO130,simple,Interruptor Qo 1x - 30a,"Interruptor Qo 1x30a. Producto versátil, práctico y de excelente calidad. Diseñado para ofrecer los mejores resultados en su categoría.",MATERIAL ELÉCTRICO > Control y protección,https://dummyimage.com/600x600/cccccc/000000.png,215.5,,Medida,30a,1,1,Marca,,1,1,,,,
QO140,simple,Interruptor Qo 1x - 40a,"Interruptor Qo 1x40a. Producto versátil, práctico y de excelente calidad. Diseñado para ofrecer los mejores resultados en su categoría.",MATERIAL ELÉCTRICO > Control y protección,https://dummyimage.com/600x600/cccccc/000000.png,215.5,,Medida,40a,1,1,Marca,,1,1,,,,
QO150,simple,Interruptor Qo 1x - 50a,"Interruptor Qo 1x50a. Producto versátil, práctico y de excelente calidad. Diseñado para ofrecer los mejores resultados en su categoría.",MATERIAL ELÉCTRICO > Control y protección,https://dummyimage.com/600x600/cccccc/000000.png,215.5,,Medida,50a,1,1,Marca,,1,1,,,,
QO160,simple,Interruptor Qo 1x - 60a,"Interruptor Qo 1x60a. Producto versátil, práctico y de excelente calidad. Diseñado para ofrecer los mejores resultados en su categoría.",MATERIAL ELÉCTRICO > Control y protección,https://dummyimage.com/600x600/cccccc/000000.png,215.5,,Medida,60a,1,1,Marca,,1,1,,,,
QO2100,simple,Interruptor Qo 2x - 100a,"Interruptor Qo 2x100a. Producto versátil, práctico y de excelente calidad. Diseñado para ofrecer los mejores resultados en su categoría.",MATERIAL ELÉCTRICO > Control y protección,https://dummyimage.com/600x600/cccccc/000000.png,1805.0,,Medida,100a,1,1,Marca,,1,1,,,,
QO215,simple,Interruptor Qo 2x - 15a,"Interruptor Qo 2x15a. Producto versátil, práctico y de excelente calidad. Diseñado para ofrecer los mejores resultados en su categoría.",MATERIAL ELÉCTRICO > Control y protección,https://dummyimage.com/600x600/cccccc/000000.png,748.52,,Medida,15a,1,1,Marca,,1,1,,,,
QO220,simple,Interruptor Qo 2x - 20a,"Interruptor Qo 2x20a. Producto versátil, práctico y de excelente calidad. Diseñado para ofrecer los mejores resultados en su categoría.",MATERIAL ELÉCTRICO > Control y protección,https://dummyimage.com/600x600/cccccc/000000.png,748.52,,Medida,20a,1,1,Marca,,1,1,,,,
QO230,simple,Interruptor Qo 2x - 30a,"Interruptor Qo 2x30a. Producto versátil, práctico y de excelente calidad. Diseñado para ofrecer los mejores resultados en su categoría.",MATERIAL ELÉCTRICO > Control y protección,https://dummyimage.com/600x600/cccccc/000000.png,748.52,,Medida,30a,1,1,Marca,,1,1,,,,
QO240,simple,Interruptor Qo 2x - 40a,"Interruptor Qo 2x40a. Producto versátil, práctico y de excelente calidad. Diseñado para ofrecer los mejores resultados en su categoría.",MATERIAL ELÉCTRICO > Control y protección,https://dummyimage.com/600x600/cccccc/000000.png,748.52,,Medida,40a,1,1,Marca,,1,1,,,,
QO250,simple,Interruptor Qo 2x - 50a,"Interruptor Qo 2x50a. Producto versátil, práctico y de excelente calidad. Diseñado para ofrecer los mejores resultados en su categoría.",MATERIAL ELÉCTRICO > Control y protección,https://dummyimage.com/600x600/cccccc/000000.png,748.52,,Medida,50a,1,1,Marca,,1,1,,,,
QO260,simple,Interruptor Qo 2x - 60 a,"Interruptor Qo 2x60 a. Producto versátil, práctico y de excelente calidad. Diseñado para ofrecer los mejores resultados en su categoría.",MATERIAL ELÉCTRICO > Control y protección,https://dummyimage.com/600x600/cccccc/000000.png,600.0,,Medida,60 a,1,1,Marca,,1,1,,,,
QO270,simple,Interruptor Qo 2x - 70a,"Interruptor Qo 2x70a. Producto versátil, práctico y de excelente calidad. Diseñado para ofrecer los mejores resultados en su categoría.",MATERIAL ELÉCTRICO > Control y protección,https://dummyimage.com/600x600/cccccc/000000.png,1730.5,,Medida,70a,1,1,Marca,,1,1,,,,
QO3100,simple,Interruptor Qo 3x - 100a,"Interruptor Qo 3x100a. Producto versátil, práctico y de excelente calidad. Diseñado para ofrecer los mejores resultados en su categoría.",MATERIAL ELÉCTRICO > Control y protección,https://dummyimage.com/600x600/cccccc/000000.png,3673.5,,Medida,100a,1,1,Marca,,1,1,,,,
QO315,simple,Interruptor Qo 3x - 15a,"Interruptor Qo 3x15a. Producto versátil, práctico y de excelente calidad. Diseñado para ofrecer los mejores resultados en su categoría.",MATERIAL ELÉCTRICO > Control y protección,https://dummyimage.com/600x600/cccccc/000000.png,2177.24,,Medida,15a,1,1,Marca,,1,1,,,,
QO320,simple,Interruptor Qo 3x - 20a,"Interruptor Qo 3x20a. Producto versátil, práctico y de excelente calidad. Diseñado para ofrecer los mejores resultados en su categoría.",MATERIAL ELÉCTRICO > Control y protección,https://dummyimage.com/600x600/cccccc/000000.png,2177.24,,Medida,20a,1,1,Marca,,1,1,,,,
QO330,simple,Interruptor Qo 3x - 30a,"Interruptor Qo 3x30a. Producto versátil, práctico y de excelente calidad. Diseñado para ofrecer los mejores resultados en su categoría.",MATERIAL ELÉCTRICO > Control y protección,https://dummyimage.com/600x600/cccccc/000000.png,2177.24,,Medida,30a,1,1,Marca,,1,1,,,,
QO340,simple,Interruptor Qo 3x - 40a,"Interruptor Qo 3x40a. Producto versátil, práctico y de excelente calidad. Diseñado para ofrecer los mejores resultados en su categoría.",MATERIAL ELÉCTRICO > Control y protección,https://dummyimage.com/600x600/cccccc/000000.png,2177.24,,Medida,40a,1,1,Marca,,1,1,,,,
QO360,simple,Interruptor Qo 3x - 60a,"Interruptor Qo 3x60a. Producto versátil, práctico y de excelente calidad. Diseñado para ofrecer los mejores resultados en su categoría.",MATERIAL ELÉCTRICO > Control y protección,https://dummyimage.com/600x600/cccccc/000000.png,2177.24,,Medida,60a,1,1,Marca,,1,1,,,,
SIME0006,simple,Itm Fd 3p  600v Marca Simens - 150a,"Itm Fd 3p 150a 600v Marca Simens. Producto versátil, práctico y de excelente calidad. Diseñado para ofrecer los mejores resultados en su categoría.",MATERIAL ELÉCTRICO > Control y protección,https://dummyimage.com/600x600/cccccc/000000.png,11823.0,,Medida,150a,1,1,Marca,,1,1,,,,
SIME0007,simple,Itm Fd 3p  600v Marca Simens - 200a,"Itm Fd 3p 200a 600v Marca Simens. Producto versátil, práctico y de excelente calidad. Diseñado para ofrecer los mejores resultados en su categoría.",MATERIAL ELÉCTRICO > Control y protección,https://dummyimage.com/600x600/cccccc/000000.png,11931.0,,Medida,200a,1,1,Marca,,1,1,,,,
57016,simple,"Jalador Base Acero Galvanizado de , con Bastón de Madera - 50cm","Jalador Base Acero Galvanizado de 50cm, con Bastã³n de Madera. Producto versátil, práctico y de excelente calidad. Diseñado para ofrecer los mejores resultados en su categoría.",FERRETERÍA > Hidráulico,"https://www.truper.com/media/import/imagenes/JALI-50A.jpg, https://www.truper.com/media/import/imagenes/JALI-50A+EI1.jpg, https://www.truper.com/media/import/imagenes/JALI-50A+EM1.jpg, https://www.truper.com/media/import/imagenes/JALI-50A+E1.jpg, https://www.truper.com/media/import/imagenes/JALI-50A+FC1.jpg, https://www.truper.com/media/import/imagenes/JALI-50A+FC2.jpg, https://www.truper.com/media/import/imagenes/JALI-50A+FC3.jpg",73.28,,Medida,50cm,1,1,Marca,,1,1,,,,
57018,simple,"Jalador Base Acero Galvanizado de , con Bastón de Madera - 40cm","Jalador Base Acero Galvanizado de 40cm, con Bastã³n de Madera. Producto versátil, práctico y de excelente calidad. Diseñado para ofrecer los mejores resultados en su categoría.",FERRETERÍA > Hidráulico,"https://www.truper.com/media/import/imagenes/JALI-40A.jpg, https://www.truper.com/media/import/imagenes/JALI-40A+EI1.jpg, https://www.truper.com/media/import/imagenes/JALI-40A+EM1.jpg, https://www.truper.com/media/import/imagenes/JALI-40A+E1.jpg, https://www.truper.com/media/import/imagenes/JALI-40A+FC1.jpg, https://www.truper.com/media/import/imagenes/JALI-40A+FC2.jpg, https://www.truper.com/media/import/imagenes/JALI-40A+FC3.jpg",75.0,,Medida,40cm,1,1,Marca,,1,1,,,,
SF058,simple,Kit Rondana  Spud - 32mm,"Kit Rondana 32mm Spud. Producto versátil, práctico y de excelente calidad. Diseñado para ofrecer los mejores resultados en su categoría.",MATERIAL ELÉCTRICO > Canalización,https://dummyimage.com/600x600/cccccc/000000.png,49.06,,Medida,32mm,1,1,Marca,,1,1,,,,
SF059,simple,Kit Rondana  Spud - 38mm,"Kit Rondana 38mm Spud. Producto versátil, práctico y de excelente calidad. Diseñado para ofrecer los mejores resultados en su categoría.",MATERIAL ELÉCTRICO > Canalización,https://dummyimage.com/600x600/cccccc/000000.png,41.53,,Medida,38mm,1,1,Marca,,1,1,,,,
LUMI0011,simple,Luminaria Redonda Colgante Led Integrado  127v - 50w,"Luminaria Redonda Colgante Led Integrado 50w 127v. Producto versátil, práctico y de excelente calidad. Diseñado para ofrecer los mejores resultados en su categoría.",ILUMINACIÓN > Interior,https://dummyimage.com/600x600/cccccc/000000.png,39434.51,,Medida,50w,1,1,Marca,,1,1,,,,
LUMI0012,simple,Luminaria Redonda Colgante Led Integrado  127v - 34w,"Luminaria Redonda Colgante Led Integrado 34w 127v. Producto versátil, práctico y de excelente calidad. Diseñado para ofrecer los mejores resultados en su categoría.",ILUMINACIÓN > Interior,https://dummyimage.com/600x600/cccccc/000000.png,39434.51,,Medida,34w,1,1,Marca,,1,1,,,,
FKSNEO0001,simple,Manguera Led  () Controlador y Pin - 25m - Verde,"Manguera Led 25m (verde) Controlador y Pin. Producto versátil, práctico y de excelente calidad. Diseñado para ofrecer los mejores resultados en su categoría.",ILUMINACIÓN > Accesorios,https://dummyimage.com/600x600/cccccc/000000.png,1034.49,,Medida,25m,1,1,Color,Verde,1,1,Marca,,1,1
FKSNEO0002,simple,Manguera Led  () Controlador y Pin - 25m - Azul,"Manguera Led 25m (azul) Controlador y Pin. Producto versátil, práctico y de excelente calidad. Diseñado para ofrecer los mejores resultados en su categoría.",ILUMINACIÓN > Accesorios,https://dummyimage.com/600x600/cccccc/000000.png,1034.49,,Medida,25m,1,1,Color,Azul,1,1,Marca,,1,1
FKSNEO0003,simple,Manguera Led  () Controlador y Pin - 25m - Rojo,"Manguera Led 25m (rojo) Controlador y Pin. Producto versátil, práctico y de excelente calidad. Diseñado para ofrecer los mejores resultados en su categoría.",ILUMINACIÓN > Accesorios,https://dummyimage.com/600x600/cccccc/000000.png,1034.49,,Medida,25m,1,1,Color,Rojo,1,1,Marca,,1,1
24063,simple,"Manguera para Gas, Aluminio, 3/8"" Flare, 200 Cm, Foset Basic","Manguera para Gas, Aluminio, 3/8"" Flare, 200 Cm, Foset Basic. Producto versátil, práctico y de excelente calidad. Diseñado para ofrecer los mejores resultados en su categoría.",FERRETERÍA > Jardinería,"https://springgreen-sparrow-647332.hostingersite.com/wp-content/uploads/productos/SKU_24063.jpg, https://springgreen-sparrow-647332.hostingersite.com/wp-content/uploads/productos/FGA-20P_D1.jpg, https://springgreen-sparrow-647332.hostingersite.com/wp-content/uploads/productos/FGA-20P_EI1.jpg, https://springgreen-sparrow-647332.hostingersite.com/wp-content/uploads/productos/FGA-20P_EIND1.jpg, https://springgreen-sparrow-647332.hostingersite.com/wp-content/uploads/productos/FGA-20P_EM1.jpg, https://springgreen-sparrow-647332.hostingersite.com/wp-content/uploads/productos/FGA-20P_E1.jpg, https://springgreen-sparrow-647332.hostingersite.com/wp-content/uploads/productos/FGA-20P_FC1.jpg, https://springgreen-sparrow-647332.hostingersite.com/wp-content/uploads/productos/FGA-20P_FC2.jpg",85.34,,,,,,,,,,,,,
13214,simple,Matraca Cuadro  Cabeza de Pera de Liberación Rápida - 1/4 pulg,"Matraca Cuadro 1/4"" Cabeza de Pera de Liberaciã³n Rã¡pida. Producto versátil, práctico y de excelente calidad. Diseñado para ofrecer los mejores resultados en su categoría.",FERRETERÍA > Manuales,"https://www.truper.com/media/import/imagenes/M-1449-N.jpg, https://www.truper.com/media/import/imagenes/M-1449-N+E1.jpg, https://www.truper.com/media/import/imagenes/M-1449-N+FC1.jpg, https://www.truper.com/media/import/imagenes/M-1449-N+FC2.jpg",331.9,,Medida,1/4 pulg,1,1,Marca,,1,1,,,,
13410,simple,Matraca Cuadro  Cabeza de Pera de Liberación Rápida - 1/2 pulg,"Matraca Cuadro 1/2"" Cabeza de Pera de Liberaciã³n Rã¡pida. Producto versátil, práctico y de excelente calidad. Diseñado para ofrecer los mejores resultados en su categoría.",FERRETERÍA > Manuales,"https://www.truper.com/media/import/imagenes/M-1249.jpg, https://www.truper.com/media/import/imagenes/M-1249+E1.jpg, https://www.truper.com/media/import/imagenes/M-1249+FC1.jpg, https://www.truper.com/media/import/imagenes/M-1249+FC2.jpg",504.31,,Medida,1/2 pulg,1,1,Marca,,1,1,,,,
13659,simple,Matraca Cuadro  Cabeza de Pera de Liberación Rápida - 3/8 pulg,"Matraca Cuadro 3/8"" Cabeza de Pera de Liberaciã³n Rã¡pida. Producto versátil, práctico y de excelente calidad. Diseñado para ofrecer los mejores resultados en su categoría.",FERRETERÍA > Manuales,"https://www.truper.com/media/import/imagenes/M-3849.jpg, https://www.truper.com/media/import/imagenes/M-3849+E1.jpg, https://www.truper.com/media/import/imagenes/M-3849+FC1.jpg, https://www.truper.com/media/import/imagenes/M-3849+FC2.jpg",426.72,,Medida,3/8 pulg,1,1,Marca,,1,1,,,,
5249S,simple,Matraca Rev Mgo Cto Qr - 3/8 pulg,"Matraca Rev Mgo Cto Qr 3/8. Producto versátil, práctico y de excelente calidad. Diseñado para ofrecer los mejores resultados en su categoría.",FERRETERÍA > Manuales,https://dummyimage.com/600x600/cccccc/000000.png,402.0,,Medida,3/8 pulg,1,1,Marca,,1,1,,,,
5449S,simple,Matraca Rev Mgo Cto Qr - 1/2 pulg,"Matraca Rev Mgo Cto Qr 1/2. Producto versátil, práctico y de excelente calidad. Diseñado para ofrecer los mejores resultados en su categoría.",FERRETERÍA > Manuales,https://dummyimage.com/600x600/cccccc/000000.png,540.0,,Medida,1/2 pulg,1,1,Marca,,1,1,,,,
49230,simple,"Mezcladora 4"" para Lavabo, Nariz Larga, Cartucho Cerámico","Mezcladora 4"" para Lavabo, Nariz Larga, Cartucho Cerã¡mico. Producto versátil, práctico y de excelente calidad. Diseñado para ofrecer los mejores resultados en su categoría.",FERRETERÍA > Hidráulico,"https://springgreen-sparrow-647332.hostingersite.com/wp-content/uploads/productos/SKU_49230.jpg, https://springgreen-sparrow-647332.hostingersite.com/wp-content/uploads/productos/M-048_EI1.jpg, https://springgreen-sparrow-647332.hostingersite.com/wp-content/uploads/productos/M-048_EIND1.jpg, https://springgreen-sparrow-647332.hostingersite.com/wp-content/uploads/productos/M-048_EM1.jpg, https://springgreen-sparrow-647332.hostingersite.com/wp-content/uploads/productos/M-048_E1.jpg, https://springgreen-sparrow-647332.hostingersite.com/wp-content/uploads/productos/M-048_FC1.jpg, https://springgreen-sparrow-647332.hostingersite.com/wp-content/uploads/productos/M-048_FC2.jpg, https://springgreen-sparrow-647332.hostingersite.com/wp-content/uploads/productos/M-048_FC3.jpg",469.83,,,,,,,,,,,,,
MONI0001,simple,Monitor - 1/2 pulg,"Monitor 1/2"". Producto versátil, práctico y de excelente calidad. Diseñado para ofrecer los mejores resultados en su categoría.",MATERIAL ELÉCTRICO > Canalización,https://dummyimage.com/600x600/cccccc/000000.png,3.08,,Medida,1/2 pulg,1,1,Marca,,1,1,,,,
MONI0002,simple,Monitor - 3/4 pulg,"Monitor 3/4"". Producto versátil, práctico y de excelente calidad. Diseñado para ofrecer los mejores resultados en su categoría.",MATERIAL ELÉCTRICO > Canalización,https://dummyimage.com/600x600/cccccc/000000.png,5.04,,Medida,3/4 pulg,1,1,Marca,,1,1,,,,
MONI0004,simple,Monitor - 1 1/4 pulg,"Monitor 1 1/4"". Producto versátil, práctico y de excelente calidad. Diseñado para ofrecer los mejores resultados en su categoría.",MATERIAL ELÉCTRICO > Canalización,https://dummyimage.com/600x600/cccccc/000000.png,18.32,,Medida,1 1/4 pulg,1,1,Marca,,1,1,,,,
MONI0005,simple,Monitor - 1 1/2 pulg,"Monitor 1 1/2"". Producto versátil, práctico y de excelente calidad. Diseñado para ofrecer los mejores resultados en su categoría.",MATERIAL ELÉCTRICO > Canalización,https://dummyimage.com/600x600/cccccc/000000.png,18.96,,Medida,1 1/2 pulg,1,1,Marca,,1,1,,,,
MONI0007,simple,Monitor - 2 1/2 pulg,"Monitor 2 1/2"". Producto versátil, práctico y de excelente calidad. Diseñado para ofrecer los mejores resultados en su categoría.",MATERIAL ELÉCTRICO > Canalización,https://dummyimage.com/600x600/cccccc/000000.png,76.4,,Medida,2 1/2 pulg,1,1,Marca,,1,1,,,,
MORD0003,simple,"Mordaza Acero x 3/8"" - 1 1/4 pulg","Mordaza Acero 1 1/4""x 3/8"". Producto versátil, práctico y de excelente calidad. Diseñado para ofrecer los mejores resultados en su categoría.",FERRETERÍA > Manuales,https://dummyimage.com/600x600/cccccc/000000.png,51.6,,Medida,1 1/4 pulg,1,1,Marca,,1,1,,,,
MORD0009,simple,"Mordaza Acero x 3/8"" - 3/4 pulg","Mordaza Acero 3/4""x 3/8"". Producto versátil, práctico y de excelente calidad. Diseñado para ofrecer los mejores resultados en su categoría.",FERRETERÍA > Manuales,https://dummyimage.com/600x600/cccccc/000000.png,45.92,,Medida,3/4 pulg,1,1,Marca,,1,1,,,,
MR16LED6B,simple,Mr16  Led Luz Blanca - 5.5w,"Mr16 5.5w Led Luz Blanca. Producto versátil, práctico y de excelente calidad. Diseñado para ofrecer los mejores resultados en su categoría.",ILUMINACIÓN > Interior,https://dummyimage.com/600x600/cccccc/000000.png,26.25,,Medida,5.5w,1,1,Marca,,1,1,,,,
MR16LED6C,simple,Mr16  Led Luz Blanca - 6w,"Mr16 6w Led Luz Blanca. Producto versátil, práctico y de excelente calidad. Diseñado para ofrecer los mejores resultados en su categoría.",ILUMINACIÓN > Interior,https://dummyimage.com/600x600/cccccc/000000.png,52.97,,Medida,6w,1,1,Marca,,1,1,,,,
MUF0001,simple,Mufa - 1/2 pulg,"Mufa 1/2"". Producto versátil, práctico y de excelente calidad. Diseñado para ofrecer los mejores resultados en su categoría.",MATERIAL ELÉCTRICO > Canalización,https://dummyimage.com/600x600/cccccc/000000.png,22.35,,Medida,1/2 pulg,1,1,Marca,,1,1,,,,
MUF0004,simple,Mufa - 1 1/4 pulg,"Mufa 1 1/4. Producto versátil, práctico y de excelente calidad. Diseñado para ofrecer los mejores resultados en su categoría.",MATERIAL ELÉCTRICO > Canalización,https://dummyimage.com/600x600/cccccc/000000.png,45.86,,Medida,1 1/4 pulg,1,1,Marca,,1,1,,,,
MUF0005,simple,Mufa - 1 1/2 pulg,"Mufa 1 1/2. Producto versátil, práctico y de excelente calidad. Diseñado para ofrecer los mejores resultados en su categoría.",MATERIAL ELÉCTRICO > Canalización,https://dummyimage.com/600x600/cccccc/000000.png,59.97,,Medida,1 1/2 pulg,1,1,Marca,,1,1,,,,
MUF0007,simple,Mufa - 2 1/2 pulg,"Mufa 2 1/2. Producto versátil, práctico y de excelente calidad. Diseñado para ofrecer los mejores resultados en su categoría.",MATERIAL ELÉCTRICO > Canalización,https://dummyimage.com/600x600/cccccc/000000.png,252.44,,Medida,2 1/2 pulg,1,1,Marca,,1,1,,,,
41052,simple,"Niple Terminal de Latón de  X 3/8"", Foset - 5/16 pulg","Niple Terminal de Latã³n de 5/16"" X 3/8"", Foset. Producto versátil, práctico y de excelente calidad. Diseñado para ofrecer los mejores resultados en su categoría.",FERRETERÍA > Hidráulico,"https://www.truper.com/media/import/imagenes/CLG-416N.jpg, https://www.truper.com/media/import/imagenes/CLG-416N+EI1.jpg, https://www.truper.com/media/import/imagenes/CLG-416N+EM1.jpg, https://www.truper.com/media/import/imagenes/CLG-416N+E1.jpg, https://www.truper.com/media/import/imagenes/CLG-416N+FC1.jpg",20.69,,Medida,5/16 pulg,1,1,Marca,,1,1,,,,
47433,simple,"Niple Terminal de Latón de  X 3/8"", Foset - 3/8 pulg","Niple Terminal de Latã³n de 3/8"" X 3/8"", Foset. Producto versátil, práctico y de excelente calidad. Diseñado para ofrecer los mejores resultados en su categoría.",FERRETERÍA > Hidráulico,"https://www.truper.com/media/import/imagenes/CLG-411.jpg, https://www.truper.com/media/import/imagenes/CLG-411+EI1.jpg, https://www.truper.com/media/import/imagenes/CLG-411+EM1.jpg, https://www.truper.com/media/import/imagenes/CLG-411+E1.jpg, https://www.truper.com/media/import/imagenes/CLG-411+FC1.jpg",15.09,,Medida,3/8 pulg,1,1,Marca,,1,1,,,,
FKSS1265,simple,Panel Led Slim  (6500k) - 12w,"Panel Led Slim 12w (6500k). Producto versátil, práctico y de excelente calidad. Diseñado para ofrecer los mejores resultados en su categoría.",ILUMINACIÓN > Interior,https://dummyimage.com/600x600/cccccc/000000.png,110.8,,Medida,12w,1,1,Marca,,1,1,,,,
FKSS965,simple,Panel Led Slim  (6500k) - 9w,"Panel Led Slim 9w (6500k). Producto versátil, práctico y de excelente calidad. Diseñado para ofrecer los mejores resultados en su categoría.",ILUMINACIÓN > Interior,https://dummyimage.com/600x600/cccccc/000000.png,97.76,,Medida,9w,1,1,Marca,,1,1,,,,
FKSTRI12,simple,Panel Led Slim  Tricolor - 12w,"Panel Led Slim 12w Tricolor. Producto versátil, práctico y de excelente calidad. Diseñado para ofrecer los mejores resultados en su categoría.",ILUMINACIÓN > Interior,https://dummyimage.com/600x600/cccccc/000000.png,200.95,,Medida,12w,1,1,Marca,,1,1,,,,
FKSTRI18,simple,Panel Led Slim  Tricolor - 18w,"Panel Led Slim 18w Tricolor. Producto versátil, práctico y de excelente calidad. Diseñado para ofrecer los mejores resultados en su categoría.",ILUMINACIÓN > Interior,https://dummyimage.com/600x600/cccccc/000000.png,260.7,,Medida,18w,1,1,Marca,,1,1,,,,
FKSF1265,simple,Panel Led Sobrepuesto  (6500k) - 12w,"Panel Led Sobrepuesto 12w (6500k). Producto versátil, práctico y de excelente calidad. Diseñado para ofrecer los mejores resultados en su categoría.",ILUMINACIÓN > Interior,https://dummyimage.com/600x600/cccccc/000000.png,123.82,,Medida,12w,1,1,Marca,,1,1,,,,
FKSF1865,simple,Panel Led Sobrepuesto  (6500k) - 18w,"Panel Led Sobrepuesto 18w (6500k). Producto versátil, práctico y de excelente calidad. Diseñado para ofrecer los mejores resultados en su categoría.",ILUMINACIÓN > Interior,https://dummyimage.com/600x600/cccccc/000000.png,169.46,,Medida,18w,1,1,Marca,,1,1,,,,
65012,simple,"Paraguas de 135 Cm, Truper","Paraguas de 135 Cm, Truper. Producto versátil, práctico y de excelente calidad. Diseñado para ofrecer los mejores resultados en su categoría.",VARIOS,"https://springgreen-sparrow-647332.hostingersite.com/wp-content/uploads/productos/PARAG-130.jpg, https://springgreen-sparrow-647332.hostingersite.com/wp-content/uploads/productos/PARAG-130_D1.jpg, https://springgreen-sparrow-647332.hostingersite.com/wp-content/uploads/productos/PARAG-130_EI1.jpg, https://springgreen-sparrow-647332.hostingersite.com/wp-content/uploads/productos/PARAG-130_EIND1.jpg, https://springgreen-sparrow-647332.hostingersite.com/wp-content/uploads/productos/PARAG-130_EM1.jpg, https://springgreen-sparrow-647332.hostingersite.com/wp-content/uploads/productos/PARAG-130_E1.jpg, https://springgreen-sparrow-647332.hostingersite.com/wp-content/uploads/productos/PARAG-130_FC1.jpg",211.21,,,,,,,,,,,,,
CEME0001,simple,Pegamento Pvc Litro - 1/4 pulg,"Pegamento Pvc 1/4 Litro. Producto versátil, práctico y de excelente calidad. Diseñado para ofrecer los mejores resultados en su categoría.",FERRETERÍA > Hidráulico,https://dummyimage.com/600x600/cccccc/000000.png,105.75,,Medida,1/4 pulg,1,1,Marca,,1,1,,,,
CEME0002,simple,Pegamento Pvc Litro - 1/2 pulg,"Pegamento Pvc 1/2 Litro. Producto versátil, práctico y de excelente calidad. Diseñado para ofrecer los mejores resultados en su categoría.",FERRETERÍA > Hidráulico,https://dummyimage.com/600x600/cccccc/000000.png,153.35,,Medida,1/2 pulg,1,1,Marca,,1,1,,,,
PERR0005,simple,Perro Tipo Aleman - 3/8 pulg,"Perro Tipo Aleman 3/8. Producto versátil, práctico y de excelente calidad. Diseñado para ofrecer los mejores resultados en su categoría.",MATERIAL ELÉCTRICO > Canalización,https://dummyimage.com/600x600/cccccc/000000.png,58.0,,Medida,3/8 pulg,1,1,Marca,,1,1,,,,
PERR0007,simple,Perro Tipo Aleman - 3/4 pulg,"Perro Tipo Aleman 3/4. Producto versátil, práctico y de excelente calidad. Diseñado para ofrecer los mejores resultados en su categoría.",MATERIAL ELÉCTRICO > Canalización,https://dummyimage.com/600x600/cccccc/000000.png,32.0,,Medida,3/4 pulg,1,1,Marca,,1,1,,,,
PIJA0011,simple,Pija Gota de Agua 8 X - 3/4 pulg,"Pija Gota de Agua 8 X 3/4"". Producto versátil, práctico y de excelente calidad. Diseñado para ofrecer los mejores resultados en su categoría.",FERRETERÍA > Ferretería general,https://dummyimage.com/600x600/cccccc/000000.png,0.26,,Medida,3/4 pulg,1,1,Marca,,1,1,,,,
PIJA0012,simple,Pija Gota de Agua 8 X - 1/2 pulg,"Pija Gota de Agua 8 X 1/2"". Producto versátil, práctico y de excelente calidad. Diseñado para ofrecer los mejores resultados en su categoría.",FERRETERÍA > Ferretería general,https://dummyimage.com/600x600/cccccc/000000.png,0.21,,Medida,1/2 pulg,1,1,Marca,,1,1,,,,
PIPB0037,simple,Pija P. Broca Estrella Cab Red 8 X - 1/2 pulg,"Pija P. Broca Estrella Cab Red 8 X 1/2"". Producto versátil, práctico y de excelente calidad. Diseñado para ofrecer los mejores resultados en su categoría.",FERRETERÍA > Accesorios,https://tecnofijaciones.com/wp-content/uploads/2021/07/Tornillo-Punta-de-Broca-producto.jpg,0.24,,Medida,1/2 pulg,1,1,Marca,,1,1,,,,
PIPB0038,simple,Pija P. Broca Estrella Cab Red 8 X - 3/4 pulg,"Pija P. Broca Estrella Cab Red 8 X 3/4"". Producto versátil, práctico y de excelente calidad. Diseñado para ofrecer los mejores resultados en su categoría.",FERRETERÍA > Accesorios,https://tecnofijaciones.com/wp-content/uploads/2021/07/Tornillo-Punta-de-Broca-producto.jpg,0.26,,Medida,3/4 pulg,1,1,Marca,,1,1,,,,
PIPB0040,simple,Pija P. Broca Estrella Cab Red 8 X - 1 1/2 pulg,"Pija P. Broca Estrella Cab Red 8 X 1 1/2"". Producto versátil, práctico y de excelente calidad. Diseñado para ofrecer los mejores resultados en su categoría.",FERRETERÍA > Accesorios,https://tecnofijaciones.com/wp-content/uploads/2021/07/Tornillo-Punta-de-Broca-producto.jpg,0.75,,Medida,1 1/2 pulg,1,1,Marca,,1,1,,,,
12061,simple,"Pintura en Aerosol,  Neón, Bote Esbelto - 400 Ml - Azul","Pintura en Aerosol, Azul Neã³n, Bote Esbelto, 400 Ml. Producto versátil, práctico y de excelente calidad. Diseñado para ofrecer los mejores resultados en su categoría.",FERRETERÍA > Albañilería,"https://www.truper.com/media/import/imagenes/PAF-AZ.jpg, https://www.truper.com/media/import/imagenes/PAF-AZ+D1.jpg, https://www.truper.com/media/import/imagenes/PAF-AZ+EI1.jpg, https://www.truper.com/media/import/imagenes/PAF-AZ+EIND1.jpg, https://www.truper.com/media/import/imagenes/PAF-AZ+FC1.jpg",68.1,,Medida,400 Ml,1,1,Color,Azul,1,1,Marca,,1,1
12062,simple,"Pintura en Aerosol,  Neón, Bote Esbelto - 400 Ml - Amarillo","Pintura en Aerosol, Amarillo Neã³n, Bote Esbelto, 400 Ml. Producto versátil, práctico y de excelente calidad. Diseñado para ofrecer los mejores resultados en su categoría.",FERRETERÍA > Albañilería,"https://www.truper.com/media/import/imagenes/PAF-AM.jpg, https://www.truper.com/media/import/imagenes/PAF-AM+D1.jpg, https://www.truper.com/media/import/imagenes/PAF-AM+EI1.jpg, https://www.truper.com/media/import/imagenes/PAF-AM+EIND1.jpg, https://www.truper.com/media/import/imagenes/PAF-AM+EM1.jpg, https://www.truper.com/media/import/imagenes/PAF-AM+FC1.jpg",68.1,,Medida,400 Ml,1,1,Color,Amarillo,1,1,Marca,,1,1
19073,simple,"Pintura en Aerosol,  Neón, Bote Esbelto - 400 Ml - Verde","Pintura en Aerosol, Verde Neã³n, Bote Esbelto, 400 Ml. Producto versátil, práctico y de excelente calidad. Diseñado para ofrecer los mejores resultados en su categoría.",FERRETERÍA > Albañilería,"https://www.truper.com/media/import/imagenes/PAF-VE.jpg, https://www.truper.com/media/import/imagenes/PAF-VE+D1.jpg, https://www.truper.com/media/import/imagenes/PAF-VE+EI1.jpg, https://www.truper.com/media/import/imagenes/PAF-VE+EIND1.jpg, https://www.truper.com/media/import/imagenes/PAF-VE+EM1.jpg, https://www.truper.com/media/import/imagenes/PAF-VE+FC1.jpg",68.1,,Medida,400 Ml,1,1,Color,Verde,1,1,Marca,,1,1
POAN0001,simple,Poliducto Anillada  C/guia - 1/2 pulg,"Poliducto Anillada 1/2"" C/guia. Producto versátil, práctico y de excelente calidad. Diseñado para ofrecer los mejores resultados en su categoría.",MATERIAL ELÉCTRICO > Canalización,https://dummyimage.com/600x600/cccccc/000000.png,3.62,,Medida,1/2 pulg,1,1,Marca,,1,1,,,,
POAN0002,simple,Poliducto Anillada  C/guia - 3/4 pulg,"Poliducto Anillada 3/4"" C/guia. Producto versátil, práctico y de excelente calidad. Diseñado para ofrecer los mejores resultados en su categoría.",MATERIAL ELÉCTRICO > Canalización,https://dummyimage.com/600x600/cccccc/000000.png,6.78,,Medida,3/4 pulg,1,1,Marca,,1,1,,,,
POLI0001,simple,Poliducto Naranja - 1/2 pulg,"Poliducto Naranja 1/2. Producto versátil, práctico y de excelente calidad. Diseñado para ofrecer los mejores resultados en su categoría.",MATERIAL ELÉCTRICO > Canalización,https://dummyimage.com/600x600/cccccc/000000.png,4.02,,Medida,1/2 pulg,1,1,Marca,,1,1,,,,
POLI0002,simple,Poliducto Naranja - 3/4 pulg,"Poliducto Naranja 3/4. Producto versátil, práctico y de excelente calidad. Diseñado para ofrecer los mejores resultados en su categoría.",MATERIAL ELÉCTRICO > Canalización,https://dummyimage.com/600x600/cccccc/000000.png,7.55,,Medida,3/4 pulg,1,1,Marca,,1,1,,,,
POLI0005,simple,Poliducto Naranja - 1 1/2 pulg,"Poliducto Naranja 1 1/2. Producto versátil, práctico y de excelente calidad. Diseñado para ofrecer los mejores resultados en su categoría.",MATERIAL ELÉCTRICO > Canalización,https://dummyimage.com/600x600/cccccc/000000.png,19.22,,Medida,1 1/2 pulg,1,1,Marca,,1,1,,,,
PCA38,simple,Punta de Caja de Poder con Imán en Pulgadas Hexágono de - 1/4 pulg,"Punta de Caja de Poder con Imán en Pulgadas Hexágono de 1/4. Producto versátil, práctico y de excelente calidad. Diseñado para ofrecer los mejores resultados en su categoría.",Varios,https://dummyimage.com/600x600/cccccc/000000.png,58,,Medida,1/4 pulg,1,1,Marca,,1,1,,,,
PCA516,simple,Punta de Caja de Poder con Imán en Pulgadas Hexágono de - 1/4 pulg,"Punta de Caja de Poder con Imán en Pulgadas Hexágono de 1/4. Producto versátil, práctico y de excelente calidad. Diseñado para ofrecer los mejores resultados en su categoría.",Varios,https://dummyimage.com/600x600/cccccc/000000.png,58,,Medida,1/4 pulg,1,1,Marca,,1,1,,,,
REDU0004,simple,Red Al -1 - 1 1/4 pulg,"Red Al 1 1/4""-1. Producto versátil, práctico y de excelente calidad. Diseñado para ofrecer los mejores resultados en su categoría.",MATERIAL ELÉCTRICO > Canalización,https://dummyimage.com/600x600/cccccc/000000.png,33.28,,Medida,1 1/4 pulg,1,1,Marca,,1,1,,,,
REDU0008,simple,Red Al -1 - 1 1/2 pulg,"Red Al 1 1/2""-1. Producto versátil, práctico y de excelente calidad. Diseñado para ofrecer los mejores resultados en su categoría.",MATERIAL ELÉCTRICO > Canalización,https://dummyimage.com/600x600/cccccc/000000.png,43.86,,Medida,1 1/2 pulg,1,1,Marca,,1,1,,,,
REDU0001,simple,Red Al -1/2 - 3/4 pulg,"Red Al 3/4""-1/2. Producto versátil, práctico y de excelente calidad. Diseñado para ofrecer los mejores resultados en su categoría.",MATERIAL ELÉCTRICO > Canalización,https://dummyimage.com/600x600/cccccc/000000.png,11.35,,Medida,3/4 pulg,1,1,Marca,,1,1,,,,
REDU0006,simple,Red Al -1/2 - 1 1/4 pulg,"Red Al 1 1/4""-1/2. Producto versátil, práctico y de excelente calidad. Diseñado para ofrecer los mejores resultados en su categoría.",MATERIAL ELÉCTRICO > Canalización,https://dummyimage.com/600x600/cccccc/000000.png,33.28,,Medida,1 1/4 pulg,1,1,Marca,,1,1,,,,
BOOM0001,simple,Reflector Bco  6500k 100-240v Boomer - 10w,"Reflector Bco 10w 6500k 100-240v Boomer. Producto versátil, práctico y de excelente calidad. Diseñado para ofrecer los mejores resultados en su categoría.",ILUMINACIÓN > Exterior,https://dummyimage.com/600x600/cccccc/000000.png,159.62,,Medida,10w,1,1,Marca,,1,1,,,,
BOOM0002,simple,Reflector Bco  6500k 100-240v Boomer - 20w,"Reflector Bco 20w 6500k 100-240v Boomer. Producto versátil, práctico y de excelente calidad. Diseñado para ofrecer los mejores resultados en su categoría.",ILUMINACIÓN > Exterior,https://dummyimage.com/600x600/cccccc/000000.png,233.82,,Medida,20w,1,1,Marca,,1,1,,,,
FKSPRO050,simple,Reflector Led - 50w,"Reflector Led 50w. Producto versátil, práctico y de excelente calidad. Diseñado para ofrecer los mejores resultados en su categoría.",ILUMINACIÓN > Exterior,https://dummyimage.com/600x600/cccccc/000000.png,594.42,,Medida,50w,1,1,Marca,,1,1,,,,
FKSPRO100,simple,Reflector Led - 100w,"Reflector Led 100w. Producto versátil, práctico y de excelente calidad. Diseñado para ofrecer los mejores resultados en su categoría.",ILUMINACIÓN > Exterior,https://dummyimage.com/600x600/cccccc/000000.png,1015.6,,Medida,100w,1,1,Marca,,1,1,,,,
FKSPRO200,simple,Reflector Led - 200w,"Reflector Led 200w. Producto versátil, práctico y de excelente calidad. Diseñado para ofrecer los mejores resultados en su categoría.",ILUMINACIÓN > Exterior,https://dummyimage.com/600x600/cccccc/000000.png,2003.91,,Medida,200w,1,1,Marca,,1,1,,,,
12585,simple,"Rollo de  de Cinta Delimitadora ""peligro"", Truper - 305 M","Rollo de 305 M de Cinta Delimitadora ""peligro"", Truper. Producto versátil, práctico y de excelente calidad. Diseñado para ofrecer los mejores resultados en su categoría.",FERRETERÍA > Cintas,"https://www.truper.com/media/import/imagenes/CIDE-302.jpg, https://www.truper.com/media/import/imagenes/CIDE-302+E1.jpg, https://www.truper.com/media/import/imagenes/CIDE-302+E2.jpg, https://www.truper.com/media/import/imagenes/CIDE-302+FC1.jpg",133.62,,Medida,305 M,1,1,Marca,,1,1,,,,
13979,simple,"Rollo de  de Cinta Delimitadora ""peligro"", Truper - 100 M","Rollo de 100 M de Cinta Delimitadora ""peligro"", Truper. Producto versátil, práctico y de excelente calidad. Diseñado para ofrecer los mejores resultados en su categoría.",FERRETERÍA > Cintas,"https://www.truper.com/media/import/imagenes/CIDE-102.jpg, https://www.truper.com/media/import/imagenes/CIDE-102+E1.jpg, https://www.truper.com/media/import/imagenes/CIDE-102+FC1.jpg",54.31,,Medida,100 M,1,1,Marca,,1,1,,,,
12578,simple,"Rollo de  de Cinta Delimitadora ""precaución"", Truper - 100 M","Rollo de 100 M de Cinta Delimitadora ""precauciã³n"", Truper. Producto versátil, práctico y de excelente calidad. Diseñado para ofrecer los mejores resultados en su categoría.",FERRETERÍA > Cintas,"https://www.truper.com/media/import/imagenes/CIDE-101.jpg, https://www.truper.com/media/import/imagenes/CIDE-101+D1.jpg, https://www.truper.com/media/import/imagenes/CIDE-101+EI1.jpg, https://www.truper.com/media/import/imagenes/CIDE-101+EM1.jpg, https://www.truper.com/media/import/imagenes/CIDE-101+E1.jpg, https://www.truper.com/media/import/imagenes/CIDE-101+FC1.jpg",54.31,,Medida,100 M,1,1,Marca,,1,1,,,,
12583,simple,"Rollo de  de Cinta Delimitadora ""precaución"", Truper - 305 M","Rollo de 305 M de Cinta Delimitadora ""precauciã³n"", Truper. Producto versátil, práctico y de excelente calidad. Diseñado para ofrecer los mejores resultados en su categoría.",FERRETERÍA > Cintas,"https://www.truper.com/media/import/imagenes/CIDE-301.jpg, https://www.truper.com/media/import/imagenes/CIDE-301+D1.jpg, https://www.truper.com/media/import/imagenes/CIDE-301+D2.jpg, https://www.truper.com/media/import/imagenes/CIDE-301+EI1.jpg, https://www.truper.com/media/import/imagenes/CIDE-301+EM1.jpg, https://www.truper.com/media/import/imagenes/CIDE-301+E1.jpg, https://www.truper.com/media/import/imagenes/CIDE-301+FC1.jpg",133.62,,Medida,305 M,1,1,Marca,,1,1,,,,
12579,simple,"Rollo de  de Cinta Delimitadora ""prohibido"", Truper - 305 M","Rollo de 305 M de Cinta Delimitadora ""prohibido"", Truper. Producto versátil, práctico y de excelente calidad. Diseñado para ofrecer los mejores resultados en su categoría.",FERRETERÍA > Cintas,"https://www.truper.com/media/import/imagenes/CIDE-303.jpg, https://www.truper.com/media/import/imagenes/CIDE-303+E1.jpg, https://www.truper.com/media/import/imagenes/CIDE-303+E2.jpg, https://www.truper.com/media/import/imagenes/CIDE-303+FC1.jpg",133.62,,Medida,305 M,1,1,Marca,,1,1,,,,
13995,simple,"Rollo de  de Cinta Delimitadora ""prohibido"", Truper - 100 M","Rollo de 100 M de Cinta Delimitadora ""prohibido"", Truper. Producto versátil, práctico y de excelente calidad. Diseñado para ofrecer los mejores resultados en su categoría.",FERRETERÍA > Cintas,"https://www.truper.com/media/import/imagenes/CIDE-103.jpg, https://www.truper.com/media/import/imagenes/CIDE-103+E1.jpg, https://www.truper.com/media/import/imagenes/CIDE-103+FC1.jpg",53.45,,Medida,100 M,1,1,Marca,,1,1,,,,
RAWE0002,simple,Tapa Aluminio Contacto  Tr-0414 2t - 35.3mm,"Tapa Aluminio Contacto 35.3mm Tr-0414 2t. Producto versátil, práctico y de excelente calidad. Diseñado para ofrecer los mejores resultados en su categoría.",MATERIAL ELÉCTRICO > Instalación,https://dummyimage.com/600x600/cccccc/000000.png,65.73,,Medida,35.3mm,1,1,Marca,,1,1,,,,
RAWE0003,simple,Tapa Aluminio Contacto  Tr-0414 2t - 40.3mm,"Tapa Aluminio Contacto 40.3mm Tr-0414 2t. Producto versátil, práctico y de excelente calidad. Diseñado para ofrecer los mejores resultados en su categoría.",MATERIAL ELÉCTRICO > Instalación,https://dummyimage.com/600x600/cccccc/000000.png,65.73,,Medida,40.3mm,1,1,Marca,,1,1,,,,
TAQU0028,simple,Taquete Arpon Aa  X 2 3/4 - 3/8 pulg,"Taquete Arpon Aa 3/8"" X 2 3/4. Producto versátil, práctico y de excelente calidad. Diseñado para ofrecer los mejores resultados en su categoría.",FERRETERÍA > Ferretería general,https://dummyimage.com/600x600/cccccc/000000.png,8.13,,Medida,3/8 pulg,1,1,Marca,,1,1,,,,
TAQU0032,simple,Taquete Arpon Aa  X 2 3/4 - 1/2 pulg,"Taquete Arpon Aa 1/2"" X 2 3/4. Producto versátil, práctico y de excelente calidad. Diseñado para ofrecer los mejores resultados en su categoría.",FERRETERÍA > Ferretería general,https://dummyimage.com/600x600/cccccc/000000.png,15.22,,Medida,1/2 pulg,1,1,Marca,,1,1,,,,
TAQU0033,simple,Taquete Arpon Aa  X 3 3/4 - 1/2 pulg,"Taquete Arpon Aa 1/2"" X 3 3/4. Producto versátil, práctico y de excelente calidad. Diseñado para ofrecer los mejores resultados en su categoría.",FERRETERÍA > Ferretería general,https://dummyimage.com/600x600/cccccc/000000.png,15.22,,Medida,1/2 pulg,1,1,Marca,,1,1,,,,
TAQU0037,simple,Taquete Arpon Aa  X 3 3/4 - 5/8 pulg,"Taquete Arpon Aa 5/8"" X 3 3/4. Producto versátil, práctico y de excelente calidad. Diseñado para ofrecer los mejores resultados en su categoría.",FERRETERÍA > Ferretería general,https://dummyimage.com/600x600/cccccc/000000.png,28.7,,Medida,5/8 pulg,1,1,Marca,,1,1,,,,
TAQU0002,simple,Taquete Expansor Z - 1/4 pulg,"Taquete Expansor Z 1/4. Producto versátil, práctico y de excelente calidad. Diseñado para ofrecer los mejores resultados en su categoría.",FERRETERÍA > Ferretería general,https://dummyimage.com/600x600/cccccc/000000.png,8.45,,Medida,1/4 pulg,1,1,Marca,,1,1,,,,
TAQU0005,simple,Taquete Expansor Z - 1/2 pulg,"Taquete Expansor Z 1/2. Producto versátil, práctico y de excelente calidad. Diseñado para ofrecer los mejores resultados en su categoría.",FERRETERÍA > Ferretería general,https://dummyimage.com/600x600/cccccc/000000.png,35.48,,Medida,1/2 pulg,1,1,Marca,,1,1,,,,
TAQU0072,simple,Taquete Garra Ag - 1/4 pulg,"Taquete Garra Ag 1/4. Producto versátil, práctico y de excelente calidad. Diseñado para ofrecer los mejores resultados en su categoría.",FERRETERÍA > Ferretería general,https://dummyimage.com/600x600/cccccc/000000.png,0.43,,Medida,1/4 pulg,1,1,Marca,,1,1,,,,
TAQU0073,simple,Taquete Garra Ag - 5/16 pulg,"Taquete Garra Ag 5/16. Producto versátil, práctico y de excelente calidad. Diseñado para ofrecer los mejores resultados en su categoría.",FERRETERÍA > Ferretería general,https://dummyimage.com/600x600/cccccc/000000.png,0.38,,Medida,5/16 pulg,1,1,Marca,,1,1,,,,
TAQU0074,simple,Taquete Garra Ag - 3/8 pulg,"Taquete Garra Ag 3/8. Producto versátil, práctico y de excelente calidad. Diseñado para ofrecer los mejores resultados en su categoría.",FERRETERÍA > Ferretería general,https://dummyimage.com/600x600/cccccc/000000.png,0.31,,Medida,3/8 pulg,1,1,Marca,,1,1,,,,
TAQU0084,simple,Taquete Mariposa - 1/4 pulg,"Taquete Mariposa 1/4. Producto versátil, práctico y de excelente calidad. Diseñado para ofrecer los mejores resultados en su categoría.",FERRETERÍA > Ferretería general,https://dummyimage.com/600x600/cccccc/000000.png,8.01,,Medida,1/4 pulg,1,1,Marca,,1,1,,,,
TAQU0085,simple,Taquete Mariposa - 1/8 pulg,"Taquete Mariposa 1/8. Producto versátil, práctico y de excelente calidad. Diseñado para ofrecer los mejores resultados en su categoría.",FERRETERÍA > Ferretería general,https://dummyimage.com/600x600/cccccc/000000.png,3.61,,Medida,1/8 pulg,1,1,Marca,,1,1,,,,
TAQU0086,simple,Taquete Mariposa - 3/16 pulg,"Taquete Mariposa 3/16. Producto versátil, práctico y de excelente calidad. Diseñado para ofrecer los mejores resultados en su categoría.",FERRETERÍA > Ferretería general,https://dummyimage.com/600x600/cccccc/000000.png,4.45,,Medida,3/16 pulg,1,1,Marca,,1,1,,,,
ZASA0007,simple,Term Ojo sin Aislar C/corto Cal. - 6 1/4 pulg,"Term Ojo sin Aislar C/corto Cal. 6 1/4"". Producto versátil, práctico y de excelente calidad. Diseñado para ofrecer los mejores resultados en su categoría.",MATERIAL ELÉCTRICO > Canalización,https://dummyimage.com/600x600/cccccc/000000.png,8.49,,Medida,6 1/4 pulg,1,1,Marca,,1,1,,,,
ZASA0009,simple,Term Ojo sin Aislar C/corto Cal. - 6 3/8 pulg,"Term Ojo sin Aislar C/corto Cal. 6 3/8"". Producto versátil, práctico y de excelente calidad. Diseñado para ofrecer los mejores resultados en su categoría.",MATERIAL ELÉCTRICO > Canalización,https://dummyimage.com/600x600/cccccc/000000.png,10.79,,Medida,6 3/8 pulg,1,1,Marca,,1,1,,,,
ZASA0010,simple,Term Ojo sin Aislar C/corto Cal. - 6 1/2 pulg,"Term Ojo sin Aislar C/corto Cal. 6 1/2"". Producto versátil, práctico y de excelente calidad. Diseñado para ofrecer los mejores resultados en su categoría.",MATERIAL ELÉCTRICO > Canalización,https://dummyimage.com/600x600/cccccc/000000.png,14.55,,Medida,6 1/2 pulg,1,1,Marca,,1,1,,,,
ZASA0014,simple,Term Ojo sin Aislar C/corto Cal. - 4 1/2 pulg,"Term Ojo sin Aislar C/corto Cal. 4 1/2"". Producto versátil, práctico y de excelente calidad. Diseñado para ofrecer los mejores resultados en su categoría.",MATERIAL ELÉCTRICO > Canalización,https://dummyimage.com/600x600/cccccc/000000.png,19.26,,Medida,4 1/2 pulg,1,1,Marca,,1,1,,,,
TOBI0001,simple,Tope Cañon Bimetalico Cal - 1/0 pulg,"Tope Caãon Bimetalico Cal 1/0. Producto versátil, práctico y de excelente calidad. Diseñado para ofrecer los mejores resultados en su categoría.",FERRETERÍA > Ferretería general,https://dummyimage.com/600x600/cccccc/000000.png,18.15,,Medida,1/0 pulg,1,1,Marca,,1,1,,,,
TOBI0003,simple,Tope Cañon Bimetalico Cal - 3/0 pulg,"Tope Caãon Bimetalico Cal 3/0. Producto versátil, práctico y de excelente calidad. Diseñado para ofrecer los mejores resultados en su categoría.",FERRETERÍA > Ferretería general,https://dummyimage.com/600x600/cccccc/000000.png,23.85,,Medida,3/0 pulg,1,1,Marca,,1,1,,,,
TOBI0004,simple,Tope Cañon Bimetalico Cal - 4/0 pulg,"Tope Caãon Bimetalico Cal 4/0. Producto versátil, práctico y de excelente calidad. Diseñado para ofrecer los mejores resultados en su categoría.",FERRETERÍA > Ferretería general,https://dummyimage.com/600x600/cccccc/000000.png,0.0,,Medida,4/0 pulg,1,1,Marca,,1,1,,,,
TOCC0007,simple,Tope Cañon Corto Cal. - 1/0 pulg,"Tope Caãon Corto Cal. 1/0. Producto versátil, práctico y de excelente calidad. Diseñado para ofrecer los mejores resultados en su categoría.",FERRETERÍA > Ferretería general,https://dummyimage.com/600x600/cccccc/000000.png,57.66,,Medida,1/0 pulg,1,1,Marca,,1,1,,,,
TOCC0008,simple,Tope Cañon Corto Cal. - 2/0 pulg,"Tope Caãon Corto Cal. 2/0. Producto versátil, práctico y de excelente calidad. Diseñado para ofrecer los mejores resultados en su categoría.",FERRETERÍA > Ferretería general,https://dummyimage.com/600x600/cccccc/000000.png,69.03,,Medida,2/0 pulg,1,1,Marca,,1,1,,,,
TOCC0009,simple,Tope Cañon Corto Cal. - 3/0 pulg,"Tope Caãon Corto Cal. 3/0. Producto versátil, práctico y de excelente calidad. Diseñado para ofrecer los mejores resultados en su categoría.",FERRETERÍA > Ferretería general,https://dummyimage.com/600x600/cccccc/000000.png,82.29,,Medida,3/0 pulg,1,1,Marca,,1,1,,,,
TOCC0010,simple,Tope Cañon Corto Cal. - 4/0 pulg,"Tope Caãon Corto Cal. 4/0. Producto versátil, práctico y de excelente calidad. Diseñado para ofrecer los mejores resultados en su categoría.",FERRETERÍA > Ferretería general,https://dummyimage.com/600x600/cccccc/000000.png,99.84,,Medida,4/0 pulg,1,1,Marca,,1,1,,,,
TOCL0007,simple,Tope Cañon Largo Cal - 1/0 pulg,"Tope Caãon Largo Cal 1/0. Producto versátil, práctico y de excelente calidad. Diseñado para ofrecer los mejores resultados en su categoría.",FERRETERÍA > Ferretería general,https://dummyimage.com/600x600/cccccc/000000.png,81.81,,Medida,1/0 pulg,1,1,Marca,,1,1,,,,
TOCL0008,simple,Tope Cañon Largo Cal - 2/0 pulg,"Tope Caãon Largo Cal 2/0. Producto versátil, práctico y de excelente calidad. Diseñado para ofrecer los mejores resultados en su categoría.",FERRETERÍA > Ferretería general,https://dummyimage.com/600x600/cccccc/000000.png,94.67,,Medida,2/0 pulg,1,1,Marca,,1,1,,,,
TOCL0009,simple,Tope Cañon Largo Cal - 3/0 pulg,"Tope Caãon Largo Cal 3/0. Producto versátil, práctico y de excelente calidad. Diseñado para ofrecer los mejores resultados en su categoría.",FERRETERÍA > Ferretería general,https://dummyimage.com/600x600/cccccc/000000.png,149.7,,Medida,3/0 pulg,1,1,Marca,,1,1,,,,
TOCL0010,simple,Tope Cañon Largo Cal - 4/0 pulg,"Tope Caãon Largo Cal 4/0. Producto versátil, práctico y de excelente calidad. Diseñado para ofrecer los mejores resultados en su categoría.",FERRETERÍA > Ferretería general,https://dummyimage.com/600x600/cccccc/000000.png,143.09,,Medida,4/0 pulg,1,1,Marca,,1,1,,,,
TOBR0002,simple,Tornillo Bronce Al Silicio  X 1 - 3/8 pulg,"Tornillo Bronce Al Silicio 3/8"" X 1. Producto versátil, práctico y de excelente calidad. Diseñado para ofrecer los mejores resultados en su categoría.",FERRETERÍA > Ferretería general,https://dummyimage.com/600x600/cccccc/000000.png,30.65,,Medida,3/8 pulg,1,1,Marca,,1,1,,,,
TOBR0006,simple,Tornillo Bronce Al Silicio  X 1 - 1/2 pulg,"Tornillo Bronce Al Silicio 1/2"" X 1. Producto versátil, práctico y de excelente calidad. Diseñado para ofrecer los mejores resultados en su categoría.",FERRETERÍA > Ferretería general,https://dummyimage.com/600x600/cccccc/000000.png,53.73,,Medida,1/2 pulg,1,1,Marca,,1,1,,,,
TOHE0002,simple,"Tornillo Cab Hexa  X 1"" - 1/4 pulg","Tornillo Cab Hexa 1/4"" X 1"". Producto versátil, práctico y de excelente calidad. Diseñado para ofrecer los mejores resultados en su categoría.",FERRETERÍA > Ferretería general,https://dummyimage.com/600x600/cccccc/000000.png,0.66,,Medida,1/4 pulg,1,1,Marca,,1,1,,,,
TOHE0010,simple,"Tornillo Cab Hexa  X 1"" - 5/16 pulg","Tornillo Cab Hexa 5/16"" X 1"". Producto versátil, práctico y de excelente calidad. Diseñado para ofrecer los mejores resultados en su categoría.",FERRETERÍA > Ferretería general,https://dummyimage.com/600x600/cccccc/000000.png,2.13,,Medida,5/16 pulg,1,1,Marca,,1,1,,,,
TOHE0018,simple,"Tornillo Cab Hexa  X 1"" - 3/8 pulg","Tornillo Cab Hexa 3/8"" X 1"". Producto versátil, práctico y de excelente calidad. Diseñado para ofrecer los mejores resultados en su categoría.",FERRETERÍA > Ferretería general,https://dummyimage.com/600x600/cccccc/000000.png,3.23,,Medida,3/8 pulg,1,1,Marca,,1,1,,,,
TOHE0025,simple,"Tornillo Cab Hexa  X 1"" - 1/2 pulg","Tornillo Cab Hexa 1/2"" X 1"". Producto versátil, práctico y de excelente calidad. Diseñado para ofrecer los mejores resultados en su categoría.",FERRETERÍA > Ferretería general,https://dummyimage.com/600x600/cccccc/000000.png,3.5,,Medida,1/2 pulg,1,1,Marca,,1,1,,,,
TOHE0021,simple,"Tornillo Cab Hexa  X 2"" - 3/8 pulg","Tornillo Cab Hexa 3/8"" X 2"". Producto versátil, práctico y de excelente calidad. Diseñado para ofrecer los mejores resultados en su categoría.",FERRETERÍA > Ferretería general,https://dummyimage.com/600x600/cccccc/000000.png,4.95,,Medida,3/8 pulg,1,1,Marca,,1,1,,,,
TOHE0028,simple,"Tornillo Cab Hexa  X 2"" - 1/2 pulg","Tornillo Cab Hexa 1/2"" X 2"". Producto versátil, práctico y de excelente calidad. Diseñado para ofrecer los mejores resultados en su categoría.",FERRETERÍA > Ferretería general,https://dummyimage.com/600x600/cccccc/000000.png,9.62,,Medida,1/2 pulg,1,1,Marca,,1,1,,,,
TOHE0001,simple,"Tornillo Cab Hexa  X 3/4"" - 1/4 pulg","Tornillo Cab Hexa 1/4"" X 3/4"". Producto versátil, práctico y de excelente calidad. Diseñado para ofrecer los mejores resultados en su categoría.",FERRETERÍA > Ferretería general,https://dummyimage.com/600x600/cccccc/000000.png,1.1,,Medida,1/4 pulg,1,1,Marca,,1,1,,,,
TOHE0017,simple,"Tornillo Cab Hexa  X 3/4"" - 3/8 pulg","Tornillo Cab Hexa 3/8"" X 3/4"". Producto versátil, práctico y de excelente calidad. Diseñado para ofrecer los mejores resultados en su categoría.",FERRETERÍA > Ferretería general,https://dummyimage.com/600x600/cccccc/000000.png,2.57,,Medida,3/8 pulg,1,1,Marca,,1,1,,,,
57056,simple,"Trapeador Tipo Mechudo,  con Bastón de 120 Cm, Klintek - 350 G","Trapeador Tipo Mechudo, 350 G con Bastã³n de 120 Cm, Klintek. Producto versátil, práctico y de excelente calidad. Diseñado para ofrecer los mejores resultados en su categoría.",FERRETERÍA > Jardinería,"https://www.truper.com/media/import/imagenes/MECH-350.jpg, https://www.truper.com/media/import/imagenes/MECH-350+EM1.jpg, https://www.truper.com/media/import/imagenes/MECH-350+E1.jpg, https://www.truper.com/media/import/imagenes/MECH-350+FC1.jpg, https://www.truper.com/media/import/imagenes/MECH-350+FC2.jpg",73.28,,Medida,350 G,1,1,Marca,,1,1,,,,
57061,simple,"Trapeador Tipo Mechudo,  con Bastón de 120 Cm, Klintek - 450 G","Trapeador Tipo Mechudo, 450 G con Bastã³n de 120 Cm, Klintek. Producto versátil, práctico y de excelente calidad. Diseñado para ofrecer los mejores resultados en su categoría.",FERRETERÍA > Jardinería,"https://www.truper.com/media/import/imagenes/MECH-450.jpg, https://www.truper.com/media/import/imagenes/MECH-450+EM1.jpg, https://www.truper.com/media/import/imagenes/MECH-450+E1.jpg, https://www.truper.com/media/import/imagenes/MECH-450+FC1.jpg, https://www.truper.com/media/import/imagenes/MECH-450+FC2.jpg",81.9,,Medida,450 G,1,1,Marca,,1,1,,,,
TGCR0001,simple,Tub Galv C/rosca y Cople - 1/2 pulg,"Tub Galv C/rosca y Cople 1/2"". Producto versátil, práctico y de excelente calidad. Diseñado para ofrecer los mejores resultados en su categoría.",MATERIAL ELÉCTRICO > Canalización,https://dummyimage.com/600x600/cccccc/000000.png,176.64,,Medida,1/2 pulg,1,1,Marca,,1,1,,,,
TGCR0002,simple,Tub Galv C/rosca y Cople - 3/4 pulg,"Tub Galv C/rosca y Cople 3/4"". Producto versátil, práctico y de excelente calidad. Diseñado para ofrecer los mejores resultados en su categoría.",MATERIAL ELÉCTRICO > Canalización,https://dummyimage.com/600x600/cccccc/000000.png,487.35,,Medida,3/4 pulg,1,1,Marca,,1,1,,,,
TGCR0004,simple,Tub Galv C/rosca y Cople - 1 1/4 pulg,"Tub Galv C/rosca y Cople 1 1/4"". Producto versátil, práctico y de excelente calidad. Diseñado para ofrecer los mejores resultados en su categoría.",MATERIAL ELÉCTRICO > Canalización,https://dummyimage.com/600x600/cccccc/000000.png,442.98,,Medida,1 1/4 pulg,1,1,Marca,,1,1,,,,
TGCR0005,simple,Tub Galv C/rosca y Cople - 1 1/2 pulg,"Tub Galv C/rosca y Cople 1 1/2"". Producto versátil, práctico y de excelente calidad. Diseñado para ofrecer los mejores resultados en su categoría.",MATERIAL ELÉCTRICO > Canalización,https://dummyimage.com/600x600/cccccc/000000.png,524.51,,Medida,1 1/2 pulg,1,1,Marca,,1,1,,,,
TGCR0007,simple,Tub Galv C/rosca y Cople - 2 1/2 pulg,"Tub Galv C/rosca y Cople 2 1/2"". Producto versátil, práctico y de excelente calidad. Diseñado para ofrecer los mejores resultados en su categoría.",MATERIAL ELÉCTRICO > Canalización,https://dummyimage.com/600x600/cccccc/000000.png,1203.6,,Medida,2 1/2 pulg,1,1,Marca,,1,1,,,,
TGSR0001,simple,Tub Galv sin Rosca - 1/2 pulg,"Tub Galv sin Rosca 1/2"". Producto versátil, práctico y de excelente calidad. Diseñado para ofrecer los mejores resultados en su categoría.",MATERIAL ELÉCTRICO > Canalización,https://dummyimage.com/600x600/cccccc/000000.png,107.33,,Medida,1/2 pulg,1,1,Marca,,1,1,,,,
TGSR0002,simple,Tub Galv sin Rosca - 3/4 pulg,"Tub Galv sin Rosca 3/4"". Producto versátil, práctico y de excelente calidad. Diseñado para ofrecer los mejores resultados en su categoría.",MATERIAL ELÉCTRICO > Canalización,https://dummyimage.com/600x600/cccccc/000000.png,133.58,,Medida,3/4 pulg,1,1,Marca,,1,1,,,,
TGSR0004,simple,Tub Galv sin Rosca - 1 1/4 pulg,"Tub Galv sin Rosca 1 1/4"". Producto versátil, práctico y de excelente calidad. Diseñado para ofrecer los mejores resultados en su categoría.",MATERIAL ELÉCTRICO > Canalización,https://dummyimage.com/600x600/cccccc/000000.png,309.11,,Medida,1 1/4 pulg,1,1,Marca,,1,1,,,,
TGSR0005,simple,Tub Galv sin Rosca - 1 1/2 pulg,"Tub Galv sin Rosca 1 1/2"". Producto versátil, práctico y de excelente calidad. Diseñado para ofrecer los mejores resultados en su categoría.",MATERIAL ELÉCTRICO > Canalización,https://dummyimage.com/600x600/cccccc/000000.png,309.11,,Medida,1 1/2 pulg,1,1,Marca,,1,1,,,,
TGSR0007,simple,Tub Galv sin Rosca - 2 1/2 pulg,"Tub Galv sin Rosca 2 1/2"". Producto versátil, práctico y de excelente calidad. Diseñado para ofrecer los mejores resultados en su categoría.",MATERIAL ELÉCTRICO > Canalización,https://dummyimage.com/600x600/cccccc/000000.png,866.43,,Medida,2 1/2 pulg,1,1,Marca,,1,1,,,,
TUFL0014,simple,Tubo Fluorescente  6500k T5 - 14w,"Tubo Fluorescente 14w 6500k T5. Producto versátil, práctico y de excelente calidad. Diseñado para ofrecer los mejores resultados en su categoría.",ILUMINACIÓN > Interior,https://dummyimage.com/600x600/cccccc/000000.png,35.1,,Medida,14w,1,1,Marca,,1,1,,,,
TUFL0022,simple,Tubo Fluorescente  6500k T5 - 28w,"Tubo Fluorescente 28w 6500k T5. Producto versátil, práctico y de excelente calidad. Diseñado para ofrecer los mejores resultados en su categoría.",ILUMINACIÓN > Interior,https://dummyimage.com/600x600/cccccc/000000.png,92.93,,Medida,28w,1,1,Marca,,1,1,,,,
TUFL0045,simple,Tubo Fluorescente  6500k T5 - 54w,"Tubo Fluorescente 54w 6500k T5. Producto versátil, práctico y de excelente calidad. Diseñado para ofrecer los mejores resultados en su categoría.",ILUMINACIÓN > Interior,https://dummyimage.com/600x600/cccccc/000000.png,64.5,,Medida,54w,1,1,Marca,,1,1,,,,
TULI0002,simple,Tubo Licutite - 1/2 pulg,"Tubo Licutite 1/2. Producto versátil, práctico y de excelente calidad. Diseñado para ofrecer los mejores resultados en su categoría.",MATERIAL ELÉCTRICO > Canalización,https://dummyimage.com/600x600/cccccc/000000.png,49.82,,Medida,1/2 pulg,1,1,Marca,,1,1,,,,
TULI0003,simple,Tubo Licutite - 3/4 pulg,"Tubo Licutite 3/4. Producto versátil, práctico y de excelente calidad. Diseñado para ofrecer los mejores resultados en su categoría.",MATERIAL ELÉCTRICO > Canalización,https://dummyimage.com/600x600/cccccc/000000.png,66.44,,Medida,3/4 pulg,1,1,Marca,,1,1,,,,
TULI0005,simple,Tubo Licutite - 1 1/4 pulg,"Tubo Licutite 1 1/4. Producto versátil, práctico y de excelente calidad. Diseñado para ofrecer los mejores resultados en su categoría.",MATERIAL ELÉCTRICO > Canalización,https://dummyimage.com/600x600/cccccc/000000.png,120.4,,Medida,1 1/4 pulg,1,1,Marca,,1,1,,,,
TULI0006,simple,Tubo Licutite - 1 1/2 pulg,"Tubo Licutite 1 1/2. Producto versátil, práctico y de excelente calidad. Diseñado para ofrecer los mejores resultados en su categoría.",MATERIAL ELÉCTRICO > Canalización,https://dummyimage.com/600x600/cccccc/000000.png,156.52,,Medida,1 1/2 pulg,1,1,Marca,,1,1,,,,
TULI0008,simple,Tubo Licutite - 2 1/2 pulg,"Tubo Licutite 2 1/2. Producto versátil, práctico y de excelente calidad. Diseñado para ofrecer los mejores resultados en su categoría.",MATERIAL ELÉCTRICO > Canalización,https://dummyimage.com/600x600/cccccc/000000.png,432.75,,Medida,2 1/2 pulg,1,1,Marca,,1,1,,,,
TPVC0001,simple,Tubo Pvc T. Pesado - 1/2 pulg,"Tubo Pvc T. Pesado 1/2"". Producto versátil, práctico y de excelente calidad. Diseñado para ofrecer los mejores resultados en su categoría.",MATERIAL ELÉCTRICO > Canalización,https://dummyimage.com/600x600/cccccc/000000.png,7.76,,Medida,1/2 pulg,1,1,Marca,,1,1,,,,
TPVC0002,simple,Tubo Pvc T. Pesado - 3/4 pulg,"Tubo Pvc T. Pesado 3/4"". Producto versátil, práctico y de excelente calidad. Diseñado para ofrecer los mejores resultados en su categoría.",MATERIAL ELÉCTRICO > Canalización,https://dummyimage.com/600x600/cccccc/000000.png,8.89,,Medida,3/4 pulg,1,1,Marca,,1,1,,,,
TPVC0004,simple,Tubo Pvc T. Pesado - 1 1/4 pulg,"Tubo Pvc T. Pesado 1 1/4"". Producto versátil, práctico y de excelente calidad. Diseñado para ofrecer los mejores resultados en su categoría.",MATERIAL ELÉCTRICO > Canalización,https://dummyimage.com/600x600/cccccc/000000.png,16.88,,Medida,1 1/4 pulg,1,1,Marca,,1,1,,,,
TPVC0005,simple,Tubo Pvc T. Pesado - 1 1/2 pulg,"Tubo Pvc T. Pesado 1 1/2"". Producto versátil, práctico y de excelente calidad. Diseñado para ofrecer los mejores resultados en su categoría.",MATERIAL ELÉCTRICO > Canalización,https://dummyimage.com/600x600/cccccc/000000.png,22.41,,Medida,1 1/2 pulg,1,1,Marca,,1,1,,,,
TPVC0007,simple,Tubo Pvc T. Pesado - 2 1/2 pulg,"Tubo Pvc T. Pesado 2 1/2"". Producto versátil, práctico y de excelente calidad. Diseñado para ofrecer los mejores resultados en su categoría.",MATERIAL ELÉCTRICO > Canalización,https://dummyimage.com/600x600/cccccc/000000.png,48.95,,Medida,2 1/2 pulg,1,1,Marca,,1,1,,,,
TUZA0001,simple,Tubo Zapa - 1/2 pulg,"Tubo Zapa 1/2. Producto versátil, práctico y de excelente calidad. Diseñado para ofrecer los mejores resultados en su categoría.",MATERIAL ELÉCTRICO > Canalización,https://dummyimage.com/600x600/cccccc/000000.png,34.56,,Medida,1/2 pulg,1,1,Marca,,1,1,,,,
TUZA0002,simple,Tubo Zapa - 3/4 pulg,"Tubo Zapa 3/4. Producto versátil, práctico y de excelente calidad. Diseñado para ofrecer los mejores resultados en su categoría.",MATERIAL ELÉCTRICO > Canalización,https://dummyimage.com/600x600/cccccc/000000.png,48.38,,Medida,3/4 pulg,1,1,Marca,,1,1,,,,
TUZA0003,simple,Tubo Zapa - 3/8 pulg,"Tubo Zapa 3/8. Producto versátil, práctico y de excelente calidad. Diseñado para ofrecer los mejores resultados en su categoría.",MATERIAL ELÉCTRICO > Canalización,https://dummyimage.com/600x600/cccccc/000000.png,24.06,,Medida,3/8 pulg,1,1,Marca,,1,1,,,,
TUZA0006,simple,Tubo Zapa - 1 1/2 pulg,"Tubo Zapa 1 1/2. Producto versátil, práctico y de excelente calidad. Diseñado para ofrecer los mejores resultados en su categoría.",MATERIAL ELÉCTRICO > Canalización,https://dummyimage.com/600x600/cccccc/000000.png,110.72,,Medida,1 1/2 pulg,1,1,Marca,,1,1,,,,
TUZA0008,simple,Tubo Zapa - 2 1/2 pulg,"Tubo Zapa 2 1/2. Producto versátil, práctico y de excelente calidad. Diseñado para ofrecer los mejores resultados en su categoría.",MATERIAL ELÉCTRICO > Canalización,https://dummyimage.com/600x600/cccccc/000000.png,280.38,,Medida,2 1/2 pulg,1,1,Marca,,1,1,,,,
TUBR0006,simple,Tuerca Bronce Al Silicio - 1/4 pulg,"Tuerca Bronce Al Silicio 1/4"". Producto versátil, práctico y de excelente calidad. Diseñado para ofrecer los mejores resultados en su categoría.",FERRETERÍA > Ferretería general,https://dummyimage.com/600x600/cccccc/000000.png,8.24,,Medida,1/4 pulg,1,1,Marca,,1,1,,,,
TUBR0007,simple,Tuerca Bronce Al Silicio - 3/8 pulg,"Tuerca Bronce Al Silicio 3/8"". Producto versátil, práctico y de excelente calidad. Diseñado para ofrecer los mejores resultados en su categoría.",FERRETERÍA > Ferretería general,https://dummyimage.com/600x600/cccccc/000000.png,9.11,,Medida,3/8 pulg,1,1,Marca,,1,1,,,,
TUBR0008,simple,Tuerca Bronce Al Silicio - 1/2 pulg,"Tuerca Bronce Al Silicio 1/2"". Producto versátil, práctico y de excelente calidad. Diseñado para ofrecer los mejores resultados en su categoría.",FERRETERÍA > Ferretería general,https://dummyimage.com/600x600/cccccc/000000.png,0.0,,Medida,1/2 pulg,1,1,Marca,,1,1,,,,
TUHE0001,simple,Tuerca Hexagonal - 1/4 pulg,"Tuerca Hexagonal 1/4"". Producto versátil, práctico y de excelente calidad. Diseñado para ofrecer los mejores resultados en su categoría.",FERRETERÍA > Ferretería general,https://dummyimage.com/600x600/cccccc/000000.png,0.3,,Medida,1/4 pulg,1,1,Marca,,1,1,,,,
TUHE0002,simple,Tuerca Hexagonal - 5/16 pulg,"Tuerca Hexagonal 5/16"". Producto versátil, práctico y de excelente calidad. Diseñado para ofrecer los mejores resultados en su categoría.",FERRETERÍA > Ferretería general,https://dummyimage.com/600x600/cccccc/000000.png,0.51,,Medida,5/16 pulg,1,1,Marca,,1,1,,,,
TUHE0003,simple,Tuerca Hexagonal - 3/8 pulg,"Tuerca Hexagonal 3/8"". Producto versátil, práctico y de excelente calidad. Diseñado para ofrecer los mejores resultados en su categoría.",FERRETERÍA > Ferretería general,https://dummyimage.com/600x600/cccccc/000000.png,1.02,,Medida,3/8 pulg,1,1,Marca,,1,1,,,,
TUHE0004,simple,Tuerca Hexagonal - 1/2 pulg,"Tuerca Hexagonal 1/2"". Producto versátil, práctico y de excelente calidad. Diseñado para ofrecer los mejores resultados en su categoría.",FERRETERÍA > Ferretería general,https://dummyimage.com/600x600/cccccc/000000.png,1.61,,Medida,1/2 pulg,1,1,Marca,,1,1,,,,
TUHE0005,simple,Tuerca Hexagonal - 5/8 pulg,"Tuerca Hexagonal 5/8"". Producto versátil, práctico y de excelente calidad. Diseñado para ofrecer los mejores resultados en su categoría.",FERRETERÍA > Ferretería general,https://dummyimage.com/600x600/cccccc/000000.png,3.87,,Medida,5/8 pulg,1,1,Marca,,1,1,,,,
TUHE0006,simple,Tuerca Hexagonal - 3/4 pulg,"Tuerca Hexagonal 3/4 "". Producto versátil, práctico y de excelente calidad. Diseñado para ofrecer los mejores resultados en su categoría.",FERRETERÍA > Ferretería general,https://dummyimage.com/600x600/cccccc/000000.png,6.62,,Medida,3/4 pulg,1,1,Marca,,1,1,,,,
TURE0001,simple,Tuerca Resorte - 1/4 pulg,"Tuerca Resorte 1/4. Producto versátil, práctico y de excelente calidad. Diseñado para ofrecer los mejores resultados en su categoría.",FERRETERÍA > Ferretería general,https://dummyimage.com/600x600/cccccc/000000.png,9.48,,Medida,1/4 pulg,1,1,Marca,,1,1,,,,
TURE0003,simple,Tuerca Resorte - 3/8 pulg,"Tuerca Resorte 3/8. Producto versátil, práctico y de excelente calidad. Diseñado para ofrecer los mejores resultados en su categoría.",FERRETERÍA > Ferretería general,https://dummyimage.com/600x600/cccccc/000000.png,13.62,,Medida,3/8 pulg,1,1,Marca,,1,1,,,,
TURE0004,simple,Tuerca Resorte - 1/2 pulg,"Tuerca Resorte 1/2. Producto versátil, práctico y de excelente calidad. Diseñado para ofrecer los mejores resultados en su categoría.",FERRETERÍA > Ferretería general,https://dummyimage.com/600x600/cccccc/000000.png,16.41,,Medida,1/2 pulg,1,1,Marca,,1,1,,,,
45556,simple,"Tuerca Unión Ppr, Plástica,â , Foset - 1/2 pulg","Tuerca Uniã³n Ppr, Plã¡stica,â 1/2"", Foset. Producto versátil, práctico y de excelente calidad. Diseñado para ofrecer los mejores resultados en su categoría.",FERRETERÍA > Hidráulico,"https://www.truper.com/media/import/imagenes/CV-961.jpg, https://www.truper.com/media/import/imagenes/CV-961+FC1.jpg",10.78,,Medida,1/2 pulg,1,1,Marca,,1,1,,,,
45557,simple,"Tuerca Unión Ppr, Plástica,â , Foset - 3/4 pulg","Tuerca Uniã³n Ppr, Plã¡stica,â 3/4"", Foset. Producto versátil, práctico y de excelente calidad. Diseñado para ofrecer los mejores resultados en su categoría.",FERRETERÍA > Hidráulico,"https://www.truper.com/media/import/imagenes/CV-962.jpg, https://www.truper.com/media/import/imagenes/CV-962+E1.jpg, https://www.truper.com/media/import/imagenes/CV-962+FC1.jpg",13.36,,Medida,3/4 pulg,1,1,Marca,,1,1,,,,
VARO0008,simple,Varilla Roscada  X 1mts - 5/16 pulg,"Varilla Roscada 5/16"" X 1mts. Producto versátil, práctico y de excelente calidad. Diseñado para ofrecer los mejores resultados en su categoría.",FERRETERÍA > Ferretería general,https://dummyimage.com/600x600/cccccc/000000.png,16.78,,Medida,5/16 pulg,1,1,Marca,,1,1,,,,
VARO0009,simple,Varilla Roscada  X 1mts - 3/4 pulg,"Varilla Roscada 3/4"" X 1mts. Producto versátil, práctico y de excelente calidad. Diseñado para ofrecer los mejores resultados en su categoría.",FERRETERÍA > Ferretería general,https://dummyimage.com/600x600/cccccc/000000.png,172.5,,Medida,3/4 pulg,1,1,Marca,,1,1,,,,
VARO0001,simple,Varilla Roscada  X 3mts - 1/4 pulg,"Varilla Roscada 1/4"" X 3mts. Producto versátil, práctico y de excelente calidad. Diseñado para ofrecer los mejores resultados en su categoría.",FERRETERÍA > Ferretería general,https://dummyimage.com/600x600/cccccc/000000.png,54.5,,Medida,1/4 pulg,1,1,Marca,,1,1,,,,
VARO0002,simple,Varilla Roscada  X 3mts - 5/16 pulg,"Varilla Roscada 5/16"" X 3mts. Producto versátil, práctico y de excelente calidad. Diseñado para ofrecer los mejores resultados en su categoría.",FERRETERÍA > Ferretería general,https://dummyimage.com/600x600/cccccc/000000.png,116.75,,Medida,5/16 pulg,1,1,Marca,,1,1,,,,
VARO0003,simple,Varilla Roscada  X 3mts - 3/8 pulg,"Varilla Roscada 3/8"" X 3mts. Producto versátil, práctico y de excelente calidad. Diseñado para ofrecer los mejores resultados en su categoría.",FERRETERÍA > Ferretería general,https://dummyimage.com/600x600/cccccc/000000.png,125.8,,Medida,3/8 pulg,1,1,Marca,,1,1,,,,
VARO0005,simple,Varilla Roscada  X 3mts - 5/8 pulg,"Varilla Roscada 5/8"" X 3mts. Producto versátil, práctico y de excelente calidad. Diseñado para ofrecer los mejores resultados en su categoría.",FERRETERÍA > Ferretería general,https://dummyimage.com/600x600/cccccc/000000.png,578.77,,Medida,5/8 pulg,1,1,Marca,,1,1,,,,
VARO0006,simple,Varilla Roscada  X 3mts - 3/4 pulg,"Varilla Roscada 3/4"" X 3mts. Producto versátil, práctico y de excelente calidad. Diseñado para ofrecer los mejores resultados en su categoría.",FERRETERÍA > Ferretería general,https://dummyimage.com/600x600/cccccc/000000.png,855.97,,Medida,3/4 pulg,1,1,Marca,,1,1,,,,
ZAAM0001,simple,Zapata Anillo  Cal 12 - 10 3/16 pulg - Amarillo,"Zapata Anillo Amarillo Cal 12-10 3/16. Producto versátil, práctico y de excelente calidad. Diseñado para ofrecer los mejores resultados en su categoría.",MATERIAL ELÉCTRICO > Canalización,https://dummyimage.com/600x600/cccccc/000000.png,1.41,,Medida,10 3/16 pulg,1,1,Color,Amarillo,1,1,Marca,,1,1
ZAAM0002,simple,Zapata Anillo  Cal 12 - 10 1/4 pulg - Amarillo,"Zapata Anillo Amarillo Cal 12-10 1/4"". Producto versátil, práctico y de excelente calidad. Diseñado para ofrecer los mejores resultados en su categoría.",MATERIAL ELÉCTRICO > Canalización,https://dummyimage.com/600x600/cccccc/000000.png,1.64,,Medida,10 1/4 pulg,1,1,Color,Amarillo,1,1,Marca,,1,1
ZAAM0003,simple,Zapata Anillo  Cal 12 - 10 5/16 pulg - Amarillo,"Zapata Anillo Amarillo Cal 12-10 5/16"". Producto versátil, práctico y de excelente calidad. Diseñado para ofrecer los mejores resultados en su categoría.",MATERIAL ELÉCTRICO > Canalización,https://dummyimage.com/600x600/cccccc/000000.png,1.86,,Medida,10 5/16 pulg,1,1,Color,Amarillo,1,1,Marca,,1,1
ZAAM0004,simple,Zapata Anillo  Cal 12 - 10 3/8 pulg - Amarillo,"Zapata Anillo Amarillo Cal 12-10 3/8"". Producto versátil, práctico y de excelente calidad. Diseñado para ofrecer los mejores resultados en su categoría.",MATERIAL ELÉCTRICO > Canalización,https://dummyimage.com/600x600/cccccc/000000.png,3.14,,Medida,10 3/8 pulg,1,1,Color,Amarillo,1,1,Marca,,1,1
ZAAM0005,simple,Zapata Anillo  Cal 12 - 10 1/2 pulg - Amarillo,"Zapata Anillo Amarillo Cal 12-10 1/2"". Producto versátil, práctico y de excelente calidad. Diseñado para ofrecer los mejores resultados en su categoría.",MATERIAL ELÉCTRICO > Canalización,https://dummyimage.com/600x600/cccccc/000000.png,2.85,,Medida,10 1/2 pulg,1,1,Color,Amarillo,1,1,Marca,,1,1
ZABI0001,simple,Zapata Bimetalica 1b Cal. -3/8 - 1/0 pulg,"Zapata Bimetalica 1b Cal. 1/0-3/8. Producto versátil, práctico y de excelente calidad. Diseñado para ofrecer los mejores resultados en su categoría.",MATERIAL ELÉCTRICO > Canalización,https://dummyimage.com/600x600/cccccc/000000.png,78.57,,Medida,1/0 pulg,1,1,Marca,,1,1,,,,
ZABI0010,simple,Zapata Bimetalica 1b Cal. -3/8 - 4/0 pulg,"Zapata Bimetalica 1b Cal. 4/0-3/8. Producto versátil, práctico y de excelente calidad. Diseñado para ofrecer los mejores resultados en su categoría.",MATERIAL ELÉCTRICO > Canalización,https://dummyimage.com/600x600/cccccc/000000.png,114.18,,Medida,4/0 pulg,1,1,Marca,,1,1,,,,
ZABI0004,simple,"Zapata Bimetalica 2b Cal. -1/2"" - 3/0 pulg","Zapata Bimetalica 2b Cal. 3/0-1/2"". Producto versátil, práctico y de excelente calidad. Diseñado para ofrecer los mejores resultados en su categoría.",MATERIAL ELÉCTRICO > Canalización,https://dummyimage.com/600x600/cccccc/000000.png,130.7,,Medida,3/0 pulg,1,1,Marca,,1,1,,,,
ZABI0022,simple,"Zapata Bimetalica 2b Cal. -1/2"" - 1/0 pulg","Zapata Bimetalica 2b Cal. 1/0-1/2"". Producto versátil, práctico y de excelente calidad. Diseñado para ofrecer los mejores resultados en su categoría.",MATERIAL ELÉCTRICO > Canalización,https://dummyimage.com/600x600/cccccc/000000.png,89.21,,Medida,1/0 pulg,1,1,Marca,,1,1,,,,
ZAME0001,simple,Zapata Mec Br Cal 4,"Zapata Mec Br Cal 4. Producto versátil, práctico y de excelente calidad. Diseñado para ofrecer los mejores resultados en su categoría.",MATERIAL ELÉCTRICO > Canalización,https://dummyimage.com/600x600/cccccc/000000.png,39.45,,Medida,,1,1,Marca,,1,1,,,,
ZAME0002,simple,Zapata Mec Br Cal 4 - 1/0 pulg,"Zapata Mec Br Cal 4-1/0. Producto versátil, práctico y de excelente calidad. Diseñado para ofrecer los mejores resultados en su categoría.",MATERIAL ELÉCTRICO > Canalización,https://dummyimage.com/600x600/cccccc/000000.png,58.79,,Medida,1/0 pulg,1,1,Marca,,1,1,,,,
ZACC0015,simple,"Zapata Ponch C/c 1b Cal. -1/2"" - 1/0 pulg","Zapata Ponch C/c 1b Cal. 1/0-1/2"". Producto versátil, práctico y de excelente calidad. Diseñado para ofrecer los mejores resultados en su categoría.",MATERIAL ELÉCTRICO > Canalización,https://dummyimage.com/600x600/cccccc/000000.png,43.05,,Medida,1/0 pulg,1,1,Marca,,1,1,,,,
ZACC0018,simple,"Zapata Ponch C/c 1b Cal. -1/2"" - 2/0 pulg","Zapata Ponch C/c 1b Cal. 2/0-1/2"". Producto versátil, práctico y de excelente calidad. Diseñado para ofrecer los mejores resultados en su categoría.",MATERIAL ELÉCTRICO > Canalización,https://dummyimage.com/600x600/cccccc/000000.png,49.88,,Medida,2/0 pulg,1,1,Marca,,1,1,,,,
ZACC0021,simple,"Zapata Ponch C/c 1b Cal. -1/2"" - 3/0 pulg","Zapata Ponch C/c 1b Cal. 3/0-1/2"". Producto versátil, práctico y de excelente calidad. Diseñado para ofrecer los mejores resultados en su categoría.",MATERIAL ELÉCTRICO > Canalización,https://dummyimage.com/600x600/cccccc/000000.png,59.85,,Medida,3/0 pulg,1,1,Marca,,1,1,,,,
ZACC0007,simple,Zapata Ponch C/c 1b Cal. 4 - 3/8 pulg,"Zapata Ponch C/c 1b Cal. 4-3/8. Producto versátil, práctico y de excelente calidad. Diseñado para ofrecer los mejores resultados en su categoría.",MATERIAL ELÉCTRICO > Canalización,https://dummyimage.com/600x600/cccccc/000000.png,29.93,,Medida,3/8 pulg,1,1,Marca,,1,1,,,,
ZACC0008,simple,Zapata Ponch C/c 1b Cal. 4 - 1/4 pulg,"Zapata Ponch C/c 1b Cal. 4-1/4"". Producto versátil, práctico y de excelente calidad. Diseñado para ofrecer los mejores resultados en su categoría.",MATERIAL ELÉCTRICO > Canalización,https://dummyimage.com/600x600/cccccc/000000.png,26.25,,Medida,1/4 pulg,1,1,Marca,,1,1,,,,
ZACC0004,simple,Zapata Ponch C/c 1b Cal. 6 - 3/8 pulg,"Zapata Ponch C/c 1b Cal. 6-3/8"". Producto versátil, práctico y de excelente calidad. Diseñado para ofrecer los mejores resultados en su categoría.",MATERIAL ELÉCTRICO > Canalización,https://dummyimage.com/600x600/cccccc/000000.png,22.63,,Medida,3/8 pulg,1,1,Marca,,1,1,,,,
ZACC0005,simple,Zapata Ponch C/c 1b Cal. 6 - 1/4 pulg,"Zapata Ponch C/c 1b Cal. 6-1/4"". Producto versátil, práctico y de excelente calidad. Diseñado para ofrecer los mejores resultados en su categoría.",MATERIAL ELÉCTRICO > Canalización,https://dummyimage.com/600x600/cccccc/000000.png,19.43,,Medida,1/4 pulg,1,1,Marca,,1,1,,,,
ZACC0001,simple,Zapata Ponch C/c 1b Cal. 8 - 3/8 pulg,"Zapata Ponch C/c 1b Cal. 8-3/8"". Producto versátil, práctico y de excelente calidad. Diseñado para ofrecer los mejores resultados en su categoría.",MATERIAL ELÉCTRICO > Canalización,https://dummyimage.com/600x600/cccccc/000000.png,18.38,,Medida,3/8 pulg,1,1,Marca,,1,1,,,,
ZACC0002,simple,Zapata Ponch C/c 1b Cal. 8 - 1/4 pulg,"Zapata Ponch C/c 1b Cal. 8-1/4. Producto versátil, práctico y de excelente calidad. Diseñado para ofrecer los mejores resultados en su categoría.",MATERIAL ELÉCTRICO > Canalización,https://dummyimage.com/600x600/cccccc/000000.png,15.75,,Medida,1/4 pulg,1,1,Marca,,1,1,,,,
ZACL0019,simple,"Zapata Ponch C/l 1b Cal. -1/2"" - 1/0 pulg","Zapata Ponch C/l 1b Cal. 1/0-1/2"". Producto versátil, práctico y de excelente calidad. Diseñado para ofrecer los mejores resultados en su categoría.",MATERIAL ELÉCTRICO > Canalización,https://dummyimage.com/600x600/cccccc/000000.png,64.5,,Medida,1/0 pulg,1,1,Marca,,1,1,,,,
ZACL0022,simple,"Zapata Ponch C/l 1b Cal. -1/2"" - 2/0 pulg","Zapata Ponch C/l 1b Cal. 2/0-1/2"". Producto versátil, práctico y de excelente calidad. Diseñado para ofrecer los mejores resultados en su categoría.",MATERIAL ELÉCTRICO > Canalización,https://dummyimage.com/600x600/cccccc/000000.png,76.5,,Medida,2/0 pulg,1,1,Marca,,1,1,,,,
ZACL0025,simple,"Zapata Ponch C/l 1b Cal. -1/2"" - 3/0 pulg","Zapata Ponch C/l 1b Cal. 3/0-1/2"". Producto versátil, práctico y de excelente calidad. Diseñado para ofrecer los mejores resultados en su categoría.",MATERIAL ELÉCTRICO > Canalización,https://dummyimage.com/600x600/cccccc/000000.png,85.5,,Medida,3/0 pulg,1,1,Marca,,1,1,,,,
ZACL0003,simple,Zapata Ponch C/l 1b Cal. 4 - 1/4 pulg,"Zapata Ponch C/l 1b Cal. 4-1/4"". Producto versátil, práctico y de excelente calidad. Diseñado para ofrecer los mejores resultados en su categoría.",MATERIAL ELÉCTRICO > Canalización,https://dummyimage.com/600x600/cccccc/000000.png,28.5,,Medida,1/4 pulg,1,1,Marca,,1,1,,,,
ZACL0011,simple,Zapata Ponch C/l 1b Cal. 4 - 3/8 pulg,"Zapata Ponch C/l 1b Cal. 4-3/8"". Producto versátil, práctico y de excelente calidad. Diseñado para ofrecer los mejores resultados en su categoría.",MATERIAL ELÉCTRICO > Canalización,https://dummyimage.com/600x600/cccccc/000000.png,28.5,,Medida,3/8 pulg,1,1,Marca,,1,1,,,,
ZACL0062,simple,"Zapata Ponch C/l 2b Cal. -1/2"" - 1/0 pulg","Zapata Ponch C/l 2b Cal. 1/0-1/2"". Producto versátil, práctico y de excelente calidad. Diseñado para ofrecer los mejores resultados en su categoría.",MATERIAL ELÉCTRICO > Canalización,https://dummyimage.com/600x600/cccccc/000000.png,96.33,,Medida,1/0 pulg,1,1,Marca,,1,1,,,,
ZACL0066,simple,"Zapata Ponch C/l 2b Cal. -1/2"" - 2/0 pulg","Zapata Ponch C/l 2b Cal. 2/0-1/2"". Producto versátil, práctico y de excelente calidad. Diseñado para ofrecer los mejores resultados en su categoría.",MATERIAL ELÉCTRICO > Canalización,https://dummyimage.com/600x600/cccccc/000000.png,111.6,,Medida,2/0 pulg,1,1,Marca,,1,1,,,,
ZACL0078,simple,"Zapata Ponch C/l 2b Cal. -1/2"" - 4/0 pulg","Zapata Ponch C/l 2b Cal. 4/0-1/2"". Producto versátil, práctico y de excelente calidad. Diseñado para ofrecer los mejores resultados en su categoría.",MATERIAL ELÉCTRICO > Canalización,https://dummyimage.com/600x600/cccccc/000000.png,187.64,,Medida,4/0 pulg,1,1,Marca,,1,1,,,,
